[2026-06-09 06:19:43 +0000] [1291700] [INFO] Booting worker with pid: 1291700
[2026-06-09 06:19:43 +0000] [1291702] [INFO] Booting worker with pid: 1291702
[2026-06-09 06:19:43 +0000] [1291701] [INFO] Booting worker with pid: 1291701
[2026-06-09 06:19:43 +0000] [1291703] [INFO] Booting worker with pid: 1291703
[2026-06-09 07:19:50 +0100] [1291696] [INFO] Worker exiting (pid: 1291696)
[2026-06-09 07:19:51 +0100] [1291698] [INFO] Worker exiting (pid: 1291698)
[2026-06-09 07:19:50 +0100] [1291697] [INFO] Worker exiting (pid: 1291697)
[2026-06-09 07:19:50 +0100] [1291699] [INFO] Worker exiting (pid: 1291699)
[2026-06-09 06:19:51 +0000] [1260764] [ERROR] Worker (pid:1291697) was sent SIGTERM!
[2026-06-09 06:19:51 +0000] [1260764] [ERROR] Worker (pid:1291698) was sent SIGTERM!
[2026-06-09 06:19:51 +0000] [1260764] [ERROR] Worker (pid:1291696) was sent SIGTERM!
[2026-06-09 06:19:51 +0000] [1260764] [ERROR] Worker (pid:1291699) was sent SIGTERM!
[2026-06-09 06:21:50 +0000] [1260764] [ERROR] Worker (pid:1291700) was sent SIGHUP!
[2026-06-09 06:21:50 +0000] [1260764] [ERROR] Worker (pid:1291703) was sent SIGHUP!
[2026-06-09 06:21:50 +0000] [1260764] [ERROR] Worker (pid:1291702) was sent SIGHUP!
[2026-06-09 06:21:50 +0000] [1260764] [ERROR] Worker (pid:1291701) was sent SIGHUP!
[2026-06-09 06:21:50 +0000] [1291884] [INFO] Booting worker with pid: 1291884
[2026-06-09 06:21:50 +0000] [1291885] [INFO] Booting worker with pid: 1291885
[2026-06-09 06:21:50 +0000] [1291886] [INFO] Booting worker with pid: 1291886
[2026-06-09 06:21:50 +0000] [1291887] [INFO] Booting worker with pid: 1291887
Invalid HTTP_HOST header: '192.0.2.1'. You may need to add '192.0.2.1' to ALLOWED_HOSTS.
Traceback (most recent call last):
  File "/usr/local/lib/python3.9/site-packages/django/core/handlers/exception.py", line 55, in inner
    response = get_response(request)
  File "/usr/local/lib/python3.9/site-packages/django/utils/deprecation.py", line 133, in __call__
    response = self.process_request(request)
  File "/usr/local/lib/python3.9/site-packages/django/middleware/common.py", line 48, in process_request
    host = request.get_host()
  File "/usr/local/lib/python3.9/site-packages/django/http/request.py", line 150, in get_host
    raise DisallowedHost(msg)
django.core.exceptions.DisallowedHost: Invalid HTTP_HOST header: '192.0.2.1'. You may need to add '192.0.2.1' to ALLOWED_HOSTS.
Invalid HTTP_HOST header: '129.121.75.225:8001'. You may need to add '129.121.75.225' to ALLOWED_HOSTS.
Traceback (most recent call last):
  File "/usr/local/lib/python3.9/site-packages/django/core/handlers/exception.py", line 55, in inner
    response = get_response(request)
  File "/usr/local/lib/python3.9/site-packages/django/utils/deprecation.py", line 133, in __call__
    response = self.process_request(request)
  File "/usr/local/lib/python3.9/site-packages/django/middleware/common.py", line 48, in process_request
    host = request.get_host()
  File "/usr/local/lib/python3.9/site-packages/django/http/request.py", line 150, in get_host
    raise DisallowedHost(msg)
django.core.exceptions.DisallowedHost: Invalid HTTP_HOST header: '129.121.75.225:8001'. You may need to add '129.121.75.225' to ALLOWED_HOSTS.
Invalid HTTP_HOST header: '129.121.75.225:8001'. You may need to add '129.121.75.225' to ALLOWED_HOSTS.
Traceback (most recent call last):
  File "/usr/local/lib/python3.9/site-packages/django/core/handlers/exception.py", line 55, in inner
    response = get_response(request)
  File "/usr/local/lib/python3.9/site-packages/django/utils/deprecation.py", line 133, in __call__
    response = self.process_request(request)
  File "/usr/local/lib/python3.9/site-packages/django/middleware/common.py", line 48, in process_request
    host = request.get_host()
  File "/usr/local/lib/python3.9/site-packages/django/http/request.py", line 150, in get_host
    raise DisallowedHost(msg)
django.core.exceptions.DisallowedHost: Invalid HTTP_HOST header: '129.121.75.225:8001'. You may need to add '129.121.75.225' to ALLOWED_HOSTS.
Invalid HTTP_HOST header: '129.121.75.225:8001'. You may need to add '129.121.75.225' to ALLOWED_HOSTS.
Traceback (most recent call last):
  File "/usr/local/lib/python3.9/site-packages/django/core/handlers/exception.py", line 55, in inner
    response = get_response(request)
  File "/usr/local/lib/python3.9/site-packages/django/utils/deprecation.py", line 133, in __call__
    response = self.process_request(request)
  File "/usr/local/lib/python3.9/site-packages/django/middleware/common.py", line 48, in process_request
    host = request.get_host()
  File "/usr/local/lib/python3.9/site-packages/django/http/request.py", line 150, in get_host
    raise DisallowedHost(msg)
django.core.exceptions.DisallowedHost: Invalid HTTP_HOST header: '129.121.75.225:8001'. You may need to add '129.121.75.225' to ALLOWED_HOSTS.
Invalid HTTP_HOST header: '129.121.75.225:8001'. You may need to add '129.121.75.225' to ALLOWED_HOSTS.
Traceback (most recent call last):
  File "/usr/local/lib/python3.9/site-packages/django/core/handlers/exception.py", line 55, in inner
    response = get_response(request)
  File "/usr/local/lib/python3.9/site-packages/django/utils/deprecation.py", line 133, in __call__
    response = self.process_request(request)
  File "/usr/local/lib/python3.9/site-packages/django/middleware/common.py", line 48, in process_request
    host = request.get_host()
  File "/usr/local/lib/python3.9/site-packages/django/http/request.py", line 150, in get_host
    raise DisallowedHost(msg)
django.core.exceptions.DisallowedHost: Invalid HTTP_HOST header: '129.121.75.225:8001'. You may need to add '129.121.75.225' to ALLOWED_HOSTS.
Not Found: /worklists/image/
Not Found: /worklists/image/
Not Found: /worklists/image/
Not Found: /worklists/image/
Not Found: /worklists/image/
Not Found: /worklists/image/
Not Found: /worklists/image/
Not Found: /worklists/image/
Not Found: /worklists/image/
Not Found: /worklists/image/
Not Found: /worklists/image/
Not Found: /worklists/image/
[2026-06-09 09:27:54 +0000] [1260764] [ERROR] Worker (pid:1291885) was sent SIGHUP!
[2026-06-09 09:27:54 +0000] [1260764] [ERROR] Worker (pid:1291886) was sent SIGHUP!
[2026-06-09 09:27:54 +0000] [1260764] [ERROR] Worker (pid:1291887) was sent SIGHUP!
[2026-06-09 09:27:54 +0000] [1260764] [ERROR] Worker (pid:1291884) was sent SIGHUP!
[2026-06-09 09:27:54 +0000] [1296690] [INFO] Booting worker with pid: 1296690
[2026-06-09 09:27:54 +0000] [1296693] [INFO] Booting worker with pid: 1296693
[2026-06-09 09:27:54 +0000] [1296739] [INFO] Booting worker with pid: 1296739
[2026-06-09 09:27:54 +0000] [1296740] [INFO] Booting worker with pid: 1296740
Not Found: /worklists/image/
Not Found: /worklists/image/
Not Found: /worklists/image/
Not Found: /worklists/image/
Not Found: /worklists/image/
Not Found: /worklists/image/
Not Found: /worklists/image/
Not Found: /worklists/image/
Not Found: /worklists/image/
Not Found: /worklists/image/
Invalid HTTP_HOST header: '129.121.75.225:8001'. You may need to add '129.121.75.225' to ALLOWED_HOSTS.
Traceback (most recent call last):
  File "/usr/local/lib/python3.9/site-packages/django/core/handlers/exception.py", line 55, in inner
    response = get_response(request)
  File "/usr/local/lib/python3.9/site-packages/django/utils/deprecation.py", line 133, in __call__
    response = self.process_request(request)
  File "/usr/local/lib/python3.9/site-packages/django/middleware/common.py", line 48, in process_request
    host = request.get_host()
  File "/usr/local/lib/python3.9/site-packages/django/http/request.py", line 150, in get_host
    raise DisallowedHost(msg)
django.core.exceptions.DisallowedHost: Invalid HTTP_HOST header: '129.121.75.225:8001'. You may need to add '129.121.75.225' to ALLOWED_HOSTS.
Not Found: /worklists/image/
Not Found: /worklists/image/
Not Found: /worklists/image/
Not Found: /worklists/image/
Not Found: /worklists/image/
Not Found: /worklists/image/
Not Found: /worklists/image/
Not Found: /worklists/image/
Not Found: /worklists/image/
Not Found: /worklists/image/
Not Found: /worklists/image/
Not Found: /worklists/image/
Not Found: /worklists/image/
Invalid HTTP_HOST header: '129.121.75.225:8001'. You may need to add '129.121.75.225' to ALLOWED_HOSTS.
Traceback (most recent call last):
  File "/usr/local/lib/python3.9/site-packages/django/core/handlers/exception.py", line 55, in inner
    response = get_response(request)
  File "/usr/local/lib/python3.9/site-packages/django/utils/deprecation.py", line 133, in __call__
    response = self.process_request(request)
  File "/usr/local/lib/python3.9/site-packages/django/middleware/common.py", line 48, in process_request
    host = request.get_host()
  File "/usr/local/lib/python3.9/site-packages/django/http/request.py", line 150, in get_host
    raise DisallowedHost(msg)
django.core.exceptions.DisallowedHost: Invalid HTTP_HOST header: '129.121.75.225:8001'. You may need to add '129.121.75.225' to ALLOWED_HOSTS.
Invalid HTTP_HOST header: '129.121.75.225:8001'. You may need to add '129.121.75.225' to ALLOWED_HOSTS.
Traceback (most recent call last):
  File "/usr/local/lib/python3.9/site-packages/django/core/handlers/exception.py", line 55, in inner
    response = get_response(request)
  File "/usr/local/lib/python3.9/site-packages/django/utils/deprecation.py", line 133, in __call__
    response = self.process_request(request)
  File "/usr/local/lib/python3.9/site-packages/django/middleware/common.py", line 48, in process_request
    host = request.get_host()
  File "/usr/local/lib/python3.9/site-packages/django/http/request.py", line 150, in get_host
    raise DisallowedHost(msg)
django.core.exceptions.DisallowedHost: Invalid HTTP_HOST header: '129.121.75.225:8001'. You may need to add '129.121.75.225' to ALLOWED_HOSTS.
Not Found: /worklists/image/
Not Found: /worklists/image/
Not Found: /worklists/image/
Not Found: /worklists/image/
Not Found: /worklists/image/
Not Found: /worklists/image/
Not Found: /worklists/image/
Not Found: /worklists/image/
Not Found: /worklists/image/
Not Found: /worklists/image/
Not Found: /worklists/image/
Not Found: /worklists/image/
Not Found: /worklists/image/
Not Found: /worklists/image/
Not Found: /worklists/image/
Not Found: /worklists/image/
Not Found: /worklists/image/
Not Found: /worklists/image/
Not Found: /worklists/image/
Not Found: /worklists/image/
Not Found: /worklists/image/
Not Found: /worklists/image/
Not Found: /worklists/image/
Not Found: /wp-json/gravitysmtp/v1/settings
Not Found: /wp-json/gravitysmtp/v1/tests/mock-data
Not Found: /wp-json/gravitysmtp/v1/tests/mock-data
Not Found: /wp-json/gravitysmtp/v1/config
Not Found: /wp-json/wp/v2/settings
Not Found: /worklists/image/
Not Found: /worklists/image/
Not Found: /worklists/image/
Not Found: /worklists/image/
Not Found: /worklists/image/
Not Found: /worklists/image/
Not Found: /worklists/image/
Not Found: /worklists/image/
Not Found: /worklists/image/
Not Found: /worklists/image/
Not Found: /worklists/image/
Not Found: /worklists/image/
Not Found: /worklists/image/
Not Found: /worklists/image/
Not Found: /worklists/image/
Not Found: /worklists/image/
Not Found: /worklists/image/
Internal Server Error: /consultation_obs_echo_troisieme_trimestre/56/modifier/
Traceback (most recent call last):
  File "/usr/local/lib/python3.9/site-packages/django/core/handlers/exception.py", line 55, in inner
    response = get_response(request)
  File "/usr/local/lib/python3.9/site-packages/django/core/handlers/base.py", line 197, in _get_response
    response = wrapped_callback(request, *callback_args, **callback_kwargs)
  File "/usr/local/lib/python3.9/site-packages/django/views/generic/base.py", line 105, in view
    return self.dispatch(request, *args, **kwargs)
  File "/usr/local/lib/python3.9/site-packages/django/views/generic/base.py", line 144, in dispatch
    return handler(request, *args, **kwargs)
  File "/home/echo/echo/apps/core/views/consultations/base.py", line 156, in get
    return super().get(request, *args, **kwargs)
  File "/usr/local/lib/python3.9/site-packages/django/views/generic/edit.py", line 204, in get
    return super().get(request, *args, **kwargs)
  File "/usr/local/lib/python3.9/site-packages/django/views/generic/edit.py", line 144, in get
    return self.render_to_response(self.get_context_data())
  File "/home/echo/echo/apps/core/views/consultations/obstetrique.py", line 314, in get_context_data
    context = super().get_context_data(**kwargs)
  File "/home/echo/echo/apps/core/views/consultations/obstetrique.py", line 122, in get_context_data
    context = super().get_context_data(**kwargs)
  File "/home/echo/echo/apps/core/views/consultations/base.py", line 206, in get_context_data
    context = super().get_context_data(**kwargs)
  File "/usr/local/lib/python3.9/site-packages/django/views/generic/edit.py", line 74, in get_context_data
    kwargs["form"] = self.get_form()
  File "/usr/local/lib/python3.9/site-packages/django/views/generic/edit.py", line 39, in get_form
    return form_class(**self.get_form_kwargs())
  File "/home/echo/echo/apps/core/views/consultations/obstetrique.py", line 118, in get_form_kwargs
    kwargs['compte'] = self.request.user.profil.compte
  File "/usr/local/lib/python3.9/site-packages/django/utils/functional.py", line 268, in inner
    return func(_wrapped, *args)
AttributeError: 'AnonymousUser' object has no attribute 'profil'
Not Found: /worklists/image/
Not Found: /worklists/image/
Not Found: /worklists/image/
Not Found: /worklists/image/
Not Found: /worklists/image/
Not Found: /worklists/image/
Not Found: /worklists/image/
Not Found: /worklists/image/
Not Found: /worklists/image/
Not Found: /worklists/image/
Not Found: /worklists/image/
Invalid HTTP_HOST header: '129.121.75.225'. You may need to add '129.121.75.225' to ALLOWED_HOSTS.
Traceback (most recent call last):
  File "/usr/local/lib/python3.9/site-packages/django/core/handlers/exception.py", line 55, in inner
    response = get_response(request)
  File "/usr/local/lib/python3.9/site-packages/django/utils/deprecation.py", line 133, in __call__
    response = self.process_request(request)
  File "/usr/local/lib/python3.9/site-packages/django/middleware/common.py", line 48, in process_request
    host = request.get_host()
  File "/usr/local/lib/python3.9/site-packages/django/http/request.py", line 150, in get_host
    raise DisallowedHost(msg)
django.core.exceptions.DisallowedHost: Invalid HTTP_HOST header: '129.121.75.225'. You may need to add '129.121.75.225' to ALLOWED_HOSTS.
Invalid HTTP_HOST header: '129.121.75.225'. You may need to add '129.121.75.225' to ALLOWED_HOSTS.
Traceback (most recent call last):
  File "/usr/local/lib/python3.9/site-packages/django/core/handlers/exception.py", line 55, in inner
    response = get_response(request)
  File "/usr/local/lib/python3.9/site-packages/django/utils/deprecation.py", line 133, in __call__
    response = self.process_request(request)
  File "/usr/local/lib/python3.9/site-packages/django/middleware/common.py", line 48, in process_request
    host = request.get_host()
  File "/usr/local/lib/python3.9/site-packages/django/http/request.py", line 150, in get_host
    raise DisallowedHost(msg)
django.core.exceptions.DisallowedHost: Invalid HTTP_HOST header: '129.121.75.225'. You may need to add '129.121.75.225' to ALLOWED_HOSTS.
Invalid HTTP_HOST header: '129.121.75.225'. You may need to add '129.121.75.225' to ALLOWED_HOSTS.
Traceback (most recent call last):
  File "/usr/local/lib/python3.9/site-packages/django/core/handlers/exception.py", line 55, in inner
    response = get_response(request)
  File "/usr/local/lib/python3.9/site-packages/django/utils/deprecation.py", line 133, in __call__
    response = self.process_request(request)
  File "/usr/local/lib/python3.9/site-packages/django/middleware/common.py", line 48, in process_request
    host = request.get_host()
  File "/usr/local/lib/python3.9/site-packages/django/http/request.py", line 150, in get_host
    raise DisallowedHost(msg)
django.core.exceptions.DisallowedHost: Invalid HTTP_HOST header: '129.121.75.225'. You may need to add '129.121.75.225' to ALLOWED_HOSTS.
Invalid HTTP_HOST header: '129.121.75.225:8001'. You may need to add '129.121.75.225' to ALLOWED_HOSTS.
Traceback (most recent call last):
  File "/usr/local/lib/python3.9/site-packages/django/core/handlers/exception.py", line 55, in inner
    response = get_response(request)
  File "/usr/local/lib/python3.9/site-packages/django/utils/deprecation.py", line 133, in __call__
    response = self.process_request(request)
  File "/usr/local/lib/python3.9/site-packages/django/middleware/common.py", line 48, in process_request
    host = request.get_host()
  File "/usr/local/lib/python3.9/site-packages/django/http/request.py", line 150, in get_host
    raise DisallowedHost(msg)
django.core.exceptions.DisallowedHost: Invalid HTTP_HOST header: '129.121.75.225:8001'. You may need to add '129.121.75.225' to ALLOWED_HOSTS.
Invalid HTTP_HOST header: '129.121.75.225'. You may need to add '129.121.75.225' to ALLOWED_HOSTS.
Traceback (most recent call last):
  File "/usr/local/lib/python3.9/site-packages/django/core/handlers/exception.py", line 55, in inner
    response = get_response(request)
  File "/usr/local/lib/python3.9/site-packages/django/utils/deprecation.py", line 133, in __call__
    response = self.process_request(request)
  File "/usr/local/lib/python3.9/site-packages/django/middleware/common.py", line 48, in process_request
    host = request.get_host()
  File "/usr/local/lib/python3.9/site-packages/django/http/request.py", line 150, in get_host
    raise DisallowedHost(msg)
django.core.exceptions.DisallowedHost: Invalid HTTP_HOST header: '129.121.75.225'. You may need to add '129.121.75.225' to ALLOWED_HOSTS.
Invalid HTTP_HOST header: '129.121.75.225:8001'. You may need to add '129.121.75.225' to ALLOWED_HOSTS.
Traceback (most recent call last):
  File "/usr/local/lib/python3.9/site-packages/django/core/handlers/exception.py", line 55, in inner
    response = get_response(request)
  File "/usr/local/lib/python3.9/site-packages/django/utils/deprecation.py", line 133, in __call__
    response = self.process_request(request)
  File "/usr/local/lib/python3.9/site-packages/django/middleware/common.py", line 48, in process_request
    host = request.get_host()
  File "/usr/local/lib/python3.9/site-packages/django/http/request.py", line 150, in get_host
    raise DisallowedHost(msg)
django.core.exceptions.DisallowedHost: Invalid HTTP_HOST header: '129.121.75.225:8001'. You may need to add '129.121.75.225' to ALLOWED_HOSTS.
Invalid HTTP_HOST header: '192.0.2.1'. You may need to add '192.0.2.1' to ALLOWED_HOSTS.
Traceback (most recent call last):
  File "/usr/local/lib/python3.9/site-packages/django/core/handlers/exception.py", line 55, in inner
    response = get_response(request)
  File "/usr/local/lib/python3.9/site-packages/django/utils/deprecation.py", line 133, in __call__
    response = self.process_request(request)
  File "/usr/local/lib/python3.9/site-packages/django/middleware/common.py", line 48, in process_request
    host = request.get_host()
  File "/usr/local/lib/python3.9/site-packages/django/http/request.py", line 150, in get_host
    raise DisallowedHost(msg)
django.core.exceptions.DisallowedHost: Invalid HTTP_HOST header: '192.0.2.1'. You may need to add '192.0.2.1' to ALLOWED_HOSTS.
Not Found: /wp-content/plugins/hellopress/wp_filemanager.php
Not Found: /this_is_a_new_hello_world.php
Not Found: /ff.php
Not Found: /x.php
Not Found: /tires.php
Not Found: /wp-block.php
Not Found: /wp-der.php
Not Found: /ah25.php
Not Found: /samll.php
Not Found: /wp-admin/css/colors/blue/file.php
Not Found: /favicon.php
Not Found: /aboutc.php
Not Found: /wp-load.php
Not Found: /aevly.php
Not Found: /atkno.php
Not Found: /mini.php
Not Found: /wp-thi.php
Not Found: /wp-kd4xalrg7m.php
Not Found: /amax.php
Not Found: /wehrman.php
Not Found: /b.php
Not Found: /wp-sing.php
Not Found: /wp-links-opml.php
Not Found: /edit.php
Not Found: /wmore1.php
Not Found: /wp-access.php
Not Found: /1.php
Not Found: /sbhu.php
Not Found: /bgymj.php
Not Found: /file30.php
Not Found: /yellow.php
Not Found: /reze.php
Not Found: /wefile.php
Not Found: /xda.php
Not Found: /revealability.php
Not Found: /forbidals.php
Not Found: /i.php
Not Found: /900.php
Not Found: /kj.php
Not Found: /wuasr.php
Not Found: /t.php
Not Found: /class-t.api.php
Not Found: /wp-slss.php
Not Found: /crgio.php
Not Found: /Okxob.php
Not Found: /mass.php
Not Found: /dropdown.php
Not Found: /wp-good.php
Not Found: /mifta.php
Not Found: /amxloxxr.php
Not Found: /file59.php
Not Found: /asasx.php
Not Found: /wp-admin/network/edit.php
Not Found: /ms-edit.php
Not Found: /file4.php
Not Found: /hplfuns.php
Not Found: /1index.php
Not Found: /wp-su.php
Not Found: /ccou.php
Not Found: /wp-ver.php
Not Found: /db.php
Not Found: /lib.php
Not Found: /sys.php
Not Found: /lala.php
Not Found: /bthil.php
Not Found: /fun.php
Not Found: /wp-the.php
Not Found: /vx.php
Not Found: /ff1.php
Not Found: /explorer/index_.php
Not Found: /error.php
Not Found: /333.php
Not Found: /ftde.php
Not Found: /app.php
Not Found: /cilus.php
Not Found: /a5.php
Not Found: /aa.php
Not Found: /file61.php
Not Found: /la.php
Not Found: /first.php
Not Found: /pass4.php
Not Found: /wp-firewall.php
Not Found: /lv.php
Not Found: /yas.php
Not Found: /wp-trackback.php
Not Found: /png.php
Not Found: /wp-at.php
Not Found: /database.php
Not Found: /like.php
Not Found: /xxx.php
Not Found: /new.php
Not Found: /sid3.php
Not Found: /txets.php
Not Found: /shell20211028.php
Not Found: /wp-wz.php
Not Found: /albin.php
Not Found: /ok.php
Not Found: /drykl.php
Not Found: /atomlib.php
Not Found: /z.php
Not Found: /wp-png.php
Not Found: /wp-content/uploads/admin.php
Not Found: /wp-admin/maint/wp-is.php
Not Found: /sadcut1.php
Not Found: //wp.php
Not Found: //x.php
Not Found: /wp-conflg.php
Not Found: /wp-update.php
Not Found: /hello.php
Not Found: /NewFile.php
Not Found: /bless5.php
Not Found: /v2.php
Not Found: /wp4.php
Not Found: /bless11.php
Not Found: /fileas.php
Not Found: /wp-aothait.php
Not Found: /motu.php
Not Found: /fff.php
Not Found: /wp5.php
Not Found: /wp-act.php
Not Found: /myfile.php
Not Found: /xqq.php
Not Found: /kolda.php
Not Found: /666.php
Not Found: /xoot.php
Not Found: /vgtyu.php
Not Found: /06.php
Not Found: //erty.php
Not Found: /fs.php
Not Found: /66.php
Not Found: /grsiuk.php
Not Found: /new4.php
Not Found: /pouhg.php
Not Found: /xa.php
Not Found: /ms.php
Invalid HTTP_HOST header: '129.121.75.225:8001'. You may need to add '129.121.75.225' to ALLOWED_HOSTS.
Traceback (most recent call last):
  File "/usr/local/lib/python3.9/site-packages/django/core/handlers/exception.py", line 55, in inner
    response = get_response(request)
  File "/usr/local/lib/python3.9/site-packages/django/utils/deprecation.py", line 133, in __call__
    response = self.process_request(request)
  File "/usr/local/lib/python3.9/site-packages/django/middleware/common.py", line 48, in process_request
    host = request.get_host()
  File "/usr/local/lib/python3.9/site-packages/django/http/request.py", line 150, in get_host
    raise DisallowedHost(msg)
django.core.exceptions.DisallowedHost: Invalid HTTP_HOST header: '129.121.75.225:8001'. You may need to add '129.121.75.225' to ALLOWED_HOSTS.
Not Found: /.git/config
Invalid HTTP_HOST header: '129.121.75.225:8001'. You may need to add '129.121.75.225' to ALLOWED_HOSTS.
Traceback (most recent call last):
  File "/usr/local/lib/python3.9/site-packages/django/core/handlers/exception.py", line 55, in inner
    response = get_response(request)
  File "/usr/local/lib/python3.9/site-packages/django/utils/deprecation.py", line 133, in __call__
    response = self.process_request(request)
  File "/usr/local/lib/python3.9/site-packages/django/middleware/common.py", line 48, in process_request
    host = request.get_host()
  File "/usr/local/lib/python3.9/site-packages/django/http/request.py", line 150, in get_host
    raise DisallowedHost(msg)
django.core.exceptions.DisallowedHost: Invalid HTTP_HOST header: '129.121.75.225:8001'. You may need to add '129.121.75.225' to ALLOWED_HOSTS.
Not Found: /wp-content/plugins/hellopress/wp_filemanager.php
Not Found: /this_is_a_new_hello_world.php
Not Found: /x.php
Not Found: /wp-star.php
Not Found: /shll.php
Not Found: /sukce.php
Not Found: /xb.php
Not Found: /biufile.php
Not Found: /Charles.php
Not Found: /wpconf.php
Not Found: /ultradybbuks.php
Not Found: /novax.php
Not Found: /mosty.php
Not Found: /007.php
Not Found: /dejavu.php
Not Found: /aaf.php
Not Found: /b00869ae6e.php
Not Found: /hellcut.php
Not Found: /wander.php
Not Found: /ha.php
Not Found: /hur.php
Not Found: /2222.php
Not Found: /h02ugyh.php
Not Found: /mariju.php
Not Found: /13134.php
Not Found: /seiso.php
Not Found: /155.php
Not Found: /ppp.php
Not Found: /201.php
Not Found: /ops.php
Not Found: /samll.php
Not Found: /ingfo.php
Not Found: /009.php
Not Found: /error_log.php
Not Found: /xenon1337.php
Not Found: /test11.php
Not Found: /koala.php
Not Found: /mac.php
Not Found: /25d653587fdfd1.php
Not Found: /wefile.php
Not Found: /modules/mod_simplefileuploadv1.3/elements/filemanager.php
Not Found: /wp-includes/blocks/post-comments-form/
Not Found: /wp-admin/js/
Not Found: /wp-admin/css/colour.php
Not Found: /half.php
Not Found: /2P.php
Not Found: /tires.php
Not Found: /wordpress/wp-admin/maint/
Not Found: /like.php
Not Found: /.well-known/about.php
Not Found: /wp-includes/ID3/about.php
Not Found: /bob.php
Not Found: /t3s.php
Not Found: /wp-admin/css/
Not Found: /wp-admin/css/colors/modern/
Not Found: /uwu.php
Not Found: /uwa.php
Not Found: /crgio.php
Not Found: /geforce.php
Not Found: /pucci.php
Not Found: /wp-includes/blocks/details/
Not Found: /wp-includes/blocks/audio/
Not Found: /one.php
Not Found: /wp-temp.php
Not Found: /wp-includes/blocks/buttons/
Not Found: /xmu.php
Not Found: /mode.php
Not Found: //wp-admin/js/index.php
Not Found: /dx.php
Not Found: /puc.php
Not Found: //themes.php
Not Found: /dx.php
Not Found: /11.php
Not Found: /p.php
Not Found: //wp-includes/Requests/
Not Found: /bthil.php
Not Found: /7.php
Not Found: /8.php
Not Found: /1.php
Not Found: /100.php
Not Found: /about.php
Not Found: //admin.php
Not Found: //edit.php
Not Found: /wp-content/admin.php
Not Found: //f6.php
Not Found: /inputs.php
Not Found: //av.php
Not Found: /classwithtostring.php
Not Found: /wp-content/themes/index.php
Not Found: /wp-blog.php
Not Found: //wp-includes/js/jquery/
Not Found: //wp-content/admin.php
Not Found: //adminfuns.php
Not Found: /goods.php
Not Found: /ms-edit.php
Not Found: /222.php
Not Found: //cgi-bin/index.php
Not Found: //wp-includes/css/dist/
Not Found: /BDKR28WP.php
Not Found: //wp-includes/l10n/
Not Found: /wp-content/uploads/
Not Found: /wp.php
Not Found: //abcd.php
Not Found: //a1.php
Not Found: /wp-includes/Text/Diff/Engine/about.php
Not Found: /bal.php
Not Found: //cgi-bin/admin.php
Not Found: /gettest.php
Not Found: //wp-content/BypassBest.php
Not Found: /wp-content/
Not Found: /simple.php
Not Found: /kj.php
Not Found: /xxx.php
Not Found: /hypo.php
Not Found: /wp-admin/css/colors/blue/
Not Found: /chosen.php
Not Found: //wp-includes/block-bindings/
Not Found: /gg.php
Not Found: /als.php
Not Found: /pol.php
Not Found: /ll.php
Not Found: /006.php
Not Found: /file5.php
Not Found: /4PJcpMFsD8B.php
Not Found: /file.php
Not Found: /cfile.php
Not Found: /class-wp.php
Not Found: /ahax.php
Not Found: /aa2.php
Not Found: /ccou.php
Not Found: /about2.php
Not Found: /dr.php
Not Found: /xamp.php
Not Found: /cA3bHIkVhgP.php
Not Found: /bless.php
Not Found: /file60.php
Not Found: /bb.php
Not Found: /eee.php
Not Found: /5BltUjE9CrY.php
Not Found: /file25.php
Not Found: /hg.php
Not Found: /file48.php
Not Found: /file59.php
Not Found: /ff.php
Not Found: /file31.php
Not Found: /file6.php
Not Found: /a2.php
Not Found: /file15.php
Not Found: /file81.php
Not Found: /no1.php
Not Found: /jp.php
Not Found: /f35.php
Not Found: /xa.php
Not Found: /wp-load.php
Not Found: //xwpg.php
Not Found: /ab5.php
Not Found: //wp-includes/assets/
Not Found: /ddd.php
Not Found: /wp-admin/css/colors/sunrise/
Not Found: /jj.php
Not Found: /waf.php
Not Found: /xstelth.php
Not Found: /wp-admin/css/colors/midnight/about.php
Not Found: /bel.php
Not Found: /file58.php
Not Found: /wp-links.php
Not Found: /wp-admin/network/plugins.php
Not Found: /berlin.php
Forbidden (CSRF cookie not set.): /
Forbidden (CSRF cookie not set.): /
Forbidden (CSRF cookie not set.): /
Forbidden (CSRF cookie not set.): /
Forbidden (CSRF cookie not set.): /
Forbidden (CSRF cookie not set.): /
Forbidden (CSRF cookie not set.): /
Forbidden (CSRF cookie not set.): /
Forbidden (CSRF cookie not set.): /
Invalid HTTP_HOST header: '129.121.75.225:8001'. You may need to add '129.121.75.225' to ALLOWED_HOSTS.
Traceback (most recent call last):
  File "/usr/local/lib/python3.9/site-packages/django/core/handlers/exception.py", line 55, in inner
    response = get_response(request)
  File "/usr/local/lib/python3.9/site-packages/django/utils/deprecation.py", line 133, in __call__
    response = self.process_request(request)
  File "/usr/local/lib/python3.9/site-packages/django/middleware/common.py", line 48, in process_request
    host = request.get_host()
  File "/usr/local/lib/python3.9/site-packages/django/http/request.py", line 150, in get_host
    raise DisallowedHost(msg)
django.core.exceptions.DisallowedHost: Invalid HTTP_HOST header: '129.121.75.225:8001'. You may need to add '129.121.75.225' to ALLOWED_HOSTS.
Invalid HTTP_HOST header: '129.121.75.225:8001'. You may need to add '129.121.75.225' to ALLOWED_HOSTS.
Traceback (most recent call last):
  File "/usr/local/lib/python3.9/site-packages/django/core/handlers/exception.py", line 55, in inner
    response = get_response(request)
  File "/usr/local/lib/python3.9/site-packages/django/utils/deprecation.py", line 133, in __call__
    response = self.process_request(request)
  File "/usr/local/lib/python3.9/site-packages/django/middleware/common.py", line 48, in process_request
    host = request.get_host()
  File "/usr/local/lib/python3.9/site-packages/django/http/request.py", line 150, in get_host
    raise DisallowedHost(msg)
django.core.exceptions.DisallowedHost: Invalid HTTP_HOST header: '129.121.75.225:8001'. You may need to add '129.121.75.225' to ALLOWED_HOSTS.
Not Found: /actuator/httptrace
Not Found: /app/actuator/logfile
Not Found: /app/heapdump
Not Found: /v1/actuator/heapdump
Not Found: /v1/actuator/env
Not Found: /v1/actuator/configprops
Not Found: /v2/actuator/heapdump
Not Found: /v2/actuator/env
Not Found: /v2/actuator/configprops
Not Found: /backend/actuator/heapdump
Not Found: /backend/actuator/env
Not Found: /backend/actuator/configprops
Not Found: /server/actuator/heapdump
Not Found: /server/actuator/env
Not Found: /internal/actuator/heapdump
Not Found: /actuator/auditevents
Not Found: /internal/actuator/env
Not Found: /.aws/credentials
Not Found: /api/heapdump
Not Found: /api/configprops
Not Found: /.gcloud/credentials.json
Not Found: /env
Not Found: /api/actuator/configprops
Not Found: /.aws/config
Not Found: /.config/gcloud/credentials.db
Not Found: /api/actuator/env
Not Found: /actuator/sessions
Not Found: /.azure/credentials
Not Found: /credentials
Not Found: /aws.json
Not Found: /aws-credentials.json
Not Found: /aws_credentials.json
Not Found: /service-account.json
Not Found: /app/actuator/heapdump
Not Found: /actuator/dump
Not Found: /google-credentials.json
Not Found: /app/actuator/configprops
Not Found: /serviceaccount.json
Not Found: /api/actuator/heapdump
Not Found: /gcp-credentials.json
Not Found: /gcp.json
Not Found: /firebase-credentials.json
Not Found: /firebase-adminsdk.json
Not Found: /cloud.json
Not Found: /.credentials
Not Found: /actuator/logfile
Not Found: /api/actuator/logfile
Not Found: /actuator/env
Not Found: /config/.aws/credentials
Not Found: /config/aws.json
Not Found: /config/service-account.json
Not Found: /backend/service-account.json
Not Found: /backend/aws.json
Not Found: /app/actuator/env
Not Found: /logfile
Not Found: /app/service-account.json
Not Found: /heapdump
Not Found: /api/aws.json
Not Found: /api/credentials.json
Not Found: /trace
Not Found: /actuator/configprops
Not Found: /deploy/credentials.json
Not Found: /deploy/service-account.json
Not Found: /private/service-account.json
Not Found: /dump
Not Found: /private/credentials.json
Not Found: /actuator/heapdump
Not Found: /secrets/aws.json
Not Found: /configprops
Not Found: /secrets/azure.json
Not Found: /secrets/gcp.json
Not Found: /secrets/credentials.json
Not Found: /phpinfo.php
Not Found: /info.php
Not Found: /php.php
Not Found: /test.php
Not Found: /actuator/threaddump
Not Found: /phptest.php
Not Found: /debug.php
Not Found: /_profiler
Not Found: /api/env
Not Found: /threaddump
Not Found: /_profiler/phpinfo
Not Found: /actuator/trace
Not Found: /profiler
Not Found: /_profiler/open
Not Found: /profiler/phpinfo
Not Found: /docker-compose.yaml
Not Found: /docker-compose.yml
Not Found: /api/phpinfo.php
Not Found: /docker-compose.prod.yml
Not Found: /docker-compose.prod.yaml
Not Found: /docker-compose.production.yml
Not Found: /docker-compose.dev.yml
Not Found: /docker-compose.staging.yml
Not Found: /docker-compose.override.yml
Not Found: /docker-compose.local.yml
Not Found: /Dockerfile
Not Found: /.docker/config.json
Not Found: /api/docker-compose.yml
Not Found: /api/docker-compose.prod.yml
Not Found: /app/docker-compose.yml
Not Found: /backend/docker-compose.yml
Not Found: /backend/docker-compose.prod.yml
Not Found: /app/docker-compose.prod.yml
Not Found: /deploy/docker-compose.yml
Not Found: /infra/docker-compose.yml
Not Found: /deploy/docker-compose.prod.yml
Not Found: /infrastructure/docker-compose.yml
Not Found: /devops/docker-compose.yml
Not Found: /services/docker-compose.yml
Not Found: /server/docker-compose.yml
Not Found: /internal/docker-compose.yml
Not Found: /config/docker-compose.yml
Not Found: /docker/docker-compose.yml
Not Found: /docker/docker-compose.prod.yml
Not Found: /kubernetes.yml
Not Found: /kubernetes.yaml
Not Found: /k8s.yml
Not Found: /helm/values.yaml
Not Found: /k8s.yaml
Not Found: /helm/values.yml
Not Found: /helm/values-production.yaml
Not Found: /terraform.tfvars
Not Found: /terraform.tfstate
Not Found: /.terraform/terraform.tfstate
Not Found: /infra/terraform.tfvars
Not Found: /deploy/terraform.tfvars
Not Found: /backup.sql
Not Found: /dump.sql
Not Found: /db.sql
Not Found: /database.sql
Not Found: /mysqldump.sql
Not Found: /pg_dump.sql
Not Found: /data.sql
Not Found: /backup.sql.gz
Not Found: /dump.sql.gz
Not Found: /backup.zip
Not Found: /db.sql.gz
Not Found: /backup.tar.gz
Not Found: /db.zip
Not Found: /dump.zip
Not Found: /site.zip
Not Found: /www.zip
Not Found: /web.zip
Not Found: /backup.tar.bz2
Not Found: /sql/backup.sql
Not Found: /sql/dump.sql
Not Found: /sql/db.sql
Not Found: /backup/db.sql
Not Found: /backup/dump.sql
Not Found: /backups/db.sql
Not Found: /backups/dump.sql
Not Found: /tmp/backup.sql
Not Found: /tmp/dump.sql
Not Found: /config.php
Not Found: /exports/db.sql
Not Found: /config.js
Not Found: /config.json
Not Found: /config.yml
Not Found: /config.yaml
Not Found: /config.ini
Not Found: /config.env
Not Found: /configuration.php
Not Found: /configuration.json
Not Found: /configuration.yml
Not Found: /settings.php
Not Found: /settings.py
Not Found: /settings.json
Not Found: /settings.yml
Not Found: /settings.ini
Not Found: /application.yml
Not Found: /application.yaml
Not Found: /application.properties
Not Found: /application.json
Not Found: /app.json
Not Found: /app.yaml
Not Found: /app.yml
Not Found: /appsettings.json
Not Found: /appsettings.Production.json
Not Found: /appsettings.Development.json
Not Found: /parameters.yml
Not Found: /parameters.yaml
Not Found: /parameters.php
Not Found: /database.yml
Not Found: /database.yaml
Not Found: /database.php
Not Found: /database.json
Not Found: /database.ini
Not Found: /db.php
Not Found: /db.json
Not Found: /db.yml
Not Found: /credentials.json
Not Found: /credentials.yml
Not Found: /credentials.yaml
Not Found: /secrets.json
Not Found: /secrets.yml
Not Found: /secrets.yaml
Not Found: /secrets.env
Not Found: /secret.json
Not Found: /private.json
Not Found: /keys.json
Not Found: /api_keys.json
Not Found: /api-keys.json
Not Found: /api_keys.yml
Not Found: /api/config.json
Not Found: /api/config.yml
Not Found: /api/config.php
Not Found: /api/settings.json
Not Found: /api/settings.yml
Not Found: /api/database.yml
Not Found: /api/database.php
Not Found: /api/application.yml
Not Found: /api/application.properties
Not Found: /api/appsettings.json
Not Found: /api/credentials.json
Not Found: /api/secrets.json
Not Found: /api/keys.json
Not Found: /api/parameters.yml
Not Found: /api/v1/config.json
Not Found: /api/v1/application.yml
Not Found: /api/v2/config.json
Not Found: /api/v2/application.yml
Not Found: /app/config.php
Not Found: /app/config.json
Not Found: /app/config.yml
Not Found: /app/settings.php
Not Found: /app/settings.json
Not Found: /app/database.php
Not Found: /app/database.yml
Not Found: /app/credentials.json
Not Found: /app/secrets.json
Not Found: /app/application.yml
Not Found: /app/application.properties
Not Found: /app/parameters.yml
Not Found: /backend/config.php
Not Found: /backend/config.json
Not Found: /backend/config.yml
Not Found: /backend/settings.php
Not Found: /backend/settings.py
Not Found: /backend/settings.json
Not Found: /backend/database.php
Not Found: /backend/database.yml
Not Found: /backend/credentials.json
Not Found: /backend/secrets.json
Not Found: /backend/application.yml
Not Found: /backend/application.properties
Not Found: /backend/appsettings.json
Not Found: /backend/parameters.yml
Not Found: /src/config.php
Not Found: /src/config.json
Not Found: /src/config.yml
Not Found: /src/settings.py
Not Found: /src/settings.json
Not Found: /src/database.yml
Not Found: /src/credentials.json
Not Found: /src/secrets.json
Not Found: /src/application.yml
Not Found: /src/application.properties
Not Found: /server/config.json
Not Found: /server/config.yml
Not Found: /server/settings.json
Not Found: /server/database.yml
Not Found: /server/application.yml
Not Found: /server/application.properties
Not Found: /server/appsettings.json
Not Found: /server/credentials.json
Not Found: /server/secrets.json
Not Found: /config/config.php
Not Found: /config/config.json
Not Found: /config/config.yml
Not Found: /config/settings.php
Not Found: /config/settings.json
Not Found: /config/database.php
Not Found: /config/database.yml
Not Found: /config/database.json
Not Found: /config/credentials.json
Not Found: /config/secrets.json
Not Found: /config/keys.json
Not Found: /config/application.yml
Not Found: /config/application.properties
Not Found: /config/parameters.yml
Not Found: /config/parameters.yaml
Not Found: /config/app.php
Not Found: /config/mail.php
Not Found: /config/services.php
Not Found: /config/cache.php
Not Found: /services/config.json
Not Found: /services/config.yml
Not Found: /services/database.yml
Not Found: /services/secrets.json
Not Found: /services/application.yml
Not Found: /internal/config.json
Not Found: /internal/config.yml
Not Found: /internal/secrets.json
Not Found: /internal/credentials.json
Not Found: /private/config.json
Not Found: /private/secrets.json
Not Found: /private/credentials.json
Not Found: /deploy/config.json
Not Found: /deploy/secrets.json
Not Found: /v1/config.json
Not Found: /v2/config.json
Not Found: /wp-config.php
Not Found: /wp-config.php.bak
Not Found: /wp-config.php.old
Not Found: /wp-config.php~
Not Found: /wp-config.bak
Not Found: /wp-config.txt
Not Found: /local-config.php
Not Found: /bootstrap/cache/config.php
Not Found: /storage/logs/laravel.log
Not Found: /app/config/parameters.yml
Not Found: /app/config/parameters.yaml
Not Found: /app/config/config.yml
Not Found: /settings/production.py
Not Found: /settings/local.py
Not Found: /settings/base.py
Not Found: /core/settings.py
Not Found: /project/settings.py
Not Found: /application/config/database.php
Not Found: /application/config/config.php
Not Found: /system/application/config/database.php
Not Found: /WEB-INF/web.xml
Not Found: /WEB-INF/context.xml
Not Found: /WEB-INF/classes/application.properties
Not Found: /META-INF/context.xml
Not Found: /.idea/dataSources.xml
Not Found: /.idea/dataSources.local.xml
Not Found: /.idea/workspace.xml
Not Found: /.idea/WebServers.xml
Not Found: /.idea/deployment.xml
Not Found: /.vscode/sftp.json
Not Found: /.vscode/settings.json
Not Found: /.vscode/launch.json
Not Found: /.vscode/tasks.json
Not Found: /.gitlab-ci.yml
Not Found: /.travis.yml
Not Found: /.circleci/config.yml
Not Found: /.github/workflows/deploy.yml
Not Found: /.github/workflows/main.yml
Not Found: /.github/workflows/production.yml
Not Found: /.github/workflows/ci.yml
Not Found: /Jenkinsfile
Not Found: /jenkins/Jenkinsfile
Not Found: /.drone.yml
Not Found: /.drone.yaml
Not Found: /bitbucket-pipelines.yml
Not Found: /azure-pipelines.yml
Not Found: /.buildkite/pipeline.yml
Not Found: /debug.log
Not Found: /error.log
Not Found: /app.log
Not Found: /application.log
Not Found: /laravel.log
Not Found: /access.log
Not Found: /server.log
Not Found: /trace.log
Not Found: /logs/debug.log
Not Found: /logs/error.log
Not Found: /logs/app.log
Not Found: /log/debug.log
Not Found: /logs/application.log
Not Found: /log/error.log
Not Found: /.htpasswd
Not Found: /.htaccess
Not Found: /web.config
Not Found: /nginx.conf
Not Found: /nginx.config
Not Found: /.gitconfig
Not Found: /server.xml
Not Found: /.netrc
Not Found: /.npmrc
Not Found: /.pypirc
Not Found: /.bash_history
Not Found: /.ssh/id_rsa
Not Found: /.ssh/authorized_keys
Not Found: /id_rsa
Not Found: /private.key
Not Found: /private_key.pem
Not Found: /server.key
Not Found: /server.pem
Not Found: /wp-content/plugins/hellopress/wp_filemanager.php
Not Found: /this_is_a_new_hello_world.php
Not Found: /nf_tracking.php
Not Found: /ms-edit.php
Not Found: /wp-Blogs.php
Not Found: /less.php
Not Found: /ftde.php
Not Found: /classwithtostring.php
Not Found: /class-bda.php
Not Found: /f2.php
Not Found: /classc.php
Not Found: /ahutr.php
Not Found: /class-cc.php
Not Found: /s.php
Not Found: /sadcut1.php
Not Found: /lef.php
Not Found: /wp-ccv.php
Not Found: /h2.php
Not Found: /haz.php
Not Found: /dass.php
Not Found: /rithin.php
Not Found: /cilng.php
Not Found: /f222.php
Not Found: /wp-ver.php
Not Found: /wp-block.php
Not Found: /sf.php
Not Found: /wp-blog.php
Not Found: /bhm.php
Not Found: /ckk.php
Not Found: /kiwkiw.php
Not Found: /sfcl.php
Not Found: /xxx.php
Not Found: /xozx.php
Not Found: /wp-upload.php
Not Found: /only.php
Not Found: /333.php
Not Found: /torsa1.php
Not Found: /torsa.php
Not Found: /wp-act.php
Not Found: /file-gertdxz.php
Not Found: /export.php
Not Found: /55.php
Not Found: /mmp.php
Not Found: /rrr.php
Not Found: /un.php
Not Found: /lupo.php
Not Found: /ianmg.php
Not Found: /ahaoi.php
Not Found: /amwxl.php
Not Found: /fs6.php
Not Found: /albrt.php
Not Found: /wp-lvminl.php
Not Found: /error_log.php
Not Found: /wp-class.php
Not Found: /tymi.php
Not Found: /wsc.php
Not Found: /Jcrop.php
Not Found: /7logs.php
Not Found: /bkyac.php
Not Found: /maxro.php
Not Found: /taff.php
Not Found: /dczem.php
Not Found: /cilus.php
Not Found: /rh.php
Not Found: /HLA-dd.php
Not Found: /55l453.php
Not Found: /xxc.php
Not Found: /xwx1.php
Not Found: /xx.php
Not Found: /ww.php
Not Found: /wpb.php
Not Found: /uploads/index.php
Not Found: /lolz.php
Not Found: /bx.php
Not Found: /ccu.php
Not Found: /dx.php
Not Found: /class-wp-image.php
Not Found: /img.php
Not Found: /xy.php
Not Found: /RIP.php
Not Found: /wp-stat.php
Not Found: /zeal.php
Not Found: /jp.php
Not Found: /wp-good.php
Not Found: /green.php
Not Found: /kj.php
Not Found: /fs9.php
Not Found: /ta0ol.php
Not Found: /xl9.php
Not Found: /wp-tymanage.php
Not Found: /gdn.php
Not Found: /amxloxxr.php
Not Found: /tiny2.php
Not Found: /bdktk.php
Not Found: /zt2.php
Not Found: /multirole.php
Not Found: /congeree.php
Not Found: /unloathness.php
Not Found: /enacting.php
Not Found: /nco.php
Not Found: /nti.php
Not Found: /snus.php
Not Found: /greateb.php
Not Found: /act.php
Not Found: /zwq.php
Not Found: /prosell2.php
Not Found: /clque.php
Not Found: /Eva.php
Not Found: /co.php
Not Found: /.well-known/index.php
Not Found: /x123.php
Not Found: /css/database.php
Not Found: /database.php
Not Found: /100.php
Not Found: /bogles.php
Not Found: /22name.php
Not Found: /24name.php
Not Found: /6.php
Not Found: /wso-x569.php
Not Found: /re.php
Not Found: /acp.php
Not Found: /as.php
Not Found: /rujgeote.php
Not Found: /bardbdze.php
Not Found: /bootstrap.php
Not Found: /bngv.php
Not Found: /doo.php
Not Found: /wp-wlx.php
Not Found: /jatuh.php
Not Found: /rea889y.php
Not Found: /wp1.php
Not Found: /mas80.php
Not Found: /css/shlo.php
Not Found: /shlo.php
Not Found: /bjeni.php
Not Found: /bkxzo.php
Not Found: /blox.php
Not Found: /gm.php
Not Found: /wert.php
Not Found: /wp-4sd6kt.php
Not Found: /wp-0fsdhv.php
Not Found: /wp-bugs.php
Not Found: /seo.php
Not Found: /fcnlp.php
Not Found: /x7W.php
Not Found: /obfuscate.php
Not Found: /zxcs.php
Not Found: /btx25.php
Not Found: /fallbackapi.php
Not Found: /a7.php
Not Found: /ca-022.php
Not Found: /shadow-bot.php
Not Found: /rnenu.php
Not Found: /ZSLeDE.php
Not Found: /zo.php/itil.php
Not Found: /bless5.php
Not Found: /zz.php
Not Found: /edit-tags.php
Not Found: /d.php
Not Found: /de.php
Not Found: /wxpass.php
Not Found: /asd67.php
Not Found: /.yuf.php
Not Found: /ng.php
Not Found: /themes4.php
Not Found: /disagrsxr.php
Not Found: /cobaini.php
Not Found: /444.php
Not Found: /cibai.php
Not Found: /wp-su.php
Not Found: /zvz89.php
Not Found: /wp-gr.php
Not Found: /admin-filters.php
Not Found: /mamzi.php
Not Found: /ws88.php
Not Found: /kaza.php
Not Found: /2026w.php
Not Found: /size.php
Not Found: /wp-demomav.php
Not Found: /itil.php
Not Found: /w.php
Not Found: /new2.php
Not Found: /mjq.php
Not Found: /kma.php
Not Found: /wpls.php
Not Found: /ssh3ll.php
Not Found: /new4.php
Not Found: /left-sidebar.php
Not Found: /css/themes.php
Not Found: /css/w3llstore.php
Not Found: /wemanso.php7
Not Found: /ccs.php
Not Found: /000.php
Not Found: /yas.php
Not Found: /tk.php
Not Found: /sd.php
Not Found: /bthil.php
Not Found: /.dela.php
Not Found: /wp-ocsw.php
Not Found: /ms.php
Not Found: /acip.php
Not Found: /afggdg.php
Not Found: /wp-the1.php
Not Found: /gptsh.php
Not Found: /mini.php
Not Found: /vx.php
Not Found: /molecular.php
Not Found: /adpvxwy.php
Not Found: /ihodcrk.php
Not Found: /owrlfoa.php
Not Found: /ups.php
Not Found: /xslclbn.php
Not Found: /leuk.php
Not Found: /wmore1.php
Not Found: /667.php
Not Found: /ss.php
Not Found: /wp-content/r.php
Not Found: /bgymj.php
Not Found: /ax.php
Not Found: /bcft.php
Not Found: /raw.php
Not Found: /an8.php
Not Found: /an9.php
Not Found: /aq.php
Not Found: /1.php
Not Found: /insc.php
Not Found: /hypo.php
Not Found: /dd.php
Not Found: /like.php
Not Found: /xse.php
Not Found: /zzx.php
Not Found: /dr.php
Not Found: /eetu.php
Not Found: /dropdown.php
Not Found: /aevly.php
Not Found: /albin.php
Not Found: /pass.php
Not Found: /ayk.php
Not Found: /reune.php
Not Found: /rasse.php
Not Found: /css.php
Not Found: /lock.php
Not Found: /filemanager.php
Not Found: /libgz.php
Not Found: /asd.php
Not Found: /pros.php
Not Found: /fthdhf.php
Not Found: /wp-foter.php
Not Found: /8.php
Not Found: /pdc.php
Not Found: /yj09.php
Not Found: /sapez.php
Not Found: /adminl.php
Not Found: /curlgeto.php
Not Found: /wp-lamburg.php
Not Found: /sx21_1.php
Not Found: /m7rpo0.php
Not Found: /a1.php
Not Found: /7gt.php
Not Found: /2468.php
Not Found: /s2.php
Not Found: /filexp.php
Not Found: /wp-conflg.php
Not Found: /about.php
Not Found: /ppx.php
Not Found: /bnn_.php
Not Found: /wp-ssfc.php
Not Found: /alr.php
Not Found: /tires.php
Not Found: /dex.php
Not Found: /da.php
Not Found: /sm.php
Not Found: /nic.php
Not Found: /we.php
Not Found: /cvngrth.php
Not Found: /super.php
Not Found: /jj.php
Not Found: /mac.php
Not Found: /md5.php
Not Found: /waq.php
Not Found: /garcoy.php
Not Found: /av.php
Invalid HTTP_HOST header: '129.121.75.225'. You may need to add '129.121.75.225' to ALLOWED_HOSTS.
Traceback (most recent call last):
  File "/usr/local/lib/python3.9/site-packages/django/core/handlers/exception.py", line 55, in inner
    response = get_response(request)
  File "/usr/local/lib/python3.9/site-packages/django/utils/deprecation.py", line 133, in __call__
    response = self.process_request(request)
  File "/usr/local/lib/python3.9/site-packages/django/middleware/common.py", line 48, in process_request
    host = request.get_host()
  File "/usr/local/lib/python3.9/site-packages/django/http/request.py", line 150, in get_host
    raise DisallowedHost(msg)
django.core.exceptions.DisallowedHost: Invalid HTTP_HOST header: '129.121.75.225'. You may need to add '129.121.75.225' to ALLOWED_HOSTS.
Invalid HTTP_HOST header: '129.121.75.225:8001'. You may need to add '129.121.75.225' to ALLOWED_HOSTS.
Traceback (most recent call last):
  File "/usr/local/lib/python3.9/site-packages/django/core/handlers/exception.py", line 55, in inner
    response = get_response(request)
  File "/usr/local/lib/python3.9/site-packages/django/utils/deprecation.py", line 133, in __call__
    response = self.process_request(request)
  File "/usr/local/lib/python3.9/site-packages/django/middleware/common.py", line 48, in process_request
    host = request.get_host()
  File "/usr/local/lib/python3.9/site-packages/django/http/request.py", line 150, in get_host
    raise DisallowedHost(msg)
django.core.exceptions.DisallowedHost: Invalid HTTP_HOST header: '129.121.75.225:8001'. You may need to add '129.121.75.225' to ALLOWED_HOSTS.
Not Found: /robots.txt
Invalid HTTP_HOST header: '129.121.75.225:8001'. You may need to add '129.121.75.225' to ALLOWED_HOSTS.
Traceback (most recent call last):
  File "/usr/local/lib/python3.9/site-packages/django/core/handlers/exception.py", line 55, in inner
    response = get_response(request)
  File "/usr/local/lib/python3.9/site-packages/django/utils/deprecation.py", line 133, in __call__
    response = self.process_request(request)
  File "/usr/local/lib/python3.9/site-packages/django/middleware/common.py", line 48, in process_request
    host = request.get_host()
  File "/usr/local/lib/python3.9/site-packages/django/http/request.py", line 150, in get_host
    raise DisallowedHost(msg)
django.core.exceptions.DisallowedHost: Invalid HTTP_HOST header: '129.121.75.225:8001'. You may need to add '129.121.75.225' to ALLOWED_HOSTS.
Invalid HTTP_HOST header: 'api.ipify.org'. You may need to add 'api.ipify.org' to ALLOWED_HOSTS.
Traceback (most recent call last):
  File "/usr/local/lib/python3.9/site-packages/django/core/handlers/exception.py", line 55, in inner
    response = get_response(request)
  File "/usr/local/lib/python3.9/site-packages/django/utils/deprecation.py", line 133, in __call__
    response = self.process_request(request)
  File "/usr/local/lib/python3.9/site-packages/django/middleware/common.py", line 48, in process_request
    host = request.get_host()
  File "/usr/local/lib/python3.9/site-packages/django/http/request.py", line 150, in get_host
    raise DisallowedHost(msg)
django.core.exceptions.DisallowedHost: Invalid HTTP_HOST header: 'api.ipify.org'. You may need to add 'api.ipify.org' to ALLOWED_HOSTS.
Invalid HTTP_HOST header: 'www.shadowserver.org'. You may need to add 'www.shadowserver.org' to ALLOWED_HOSTS.
Traceback (most recent call last):
  File "/usr/local/lib/python3.9/site-packages/django/core/handlers/exception.py", line 55, in inner
    response = get_response(request)
  File "/usr/local/lib/python3.9/site-packages/django/utils/deprecation.py", line 133, in __call__
    response = self.process_request(request)
  File "/usr/local/lib/python3.9/site-packages/django/middleware/common.py", line 48, in process_request
    host = request.get_host()
  File "/usr/local/lib/python3.9/site-packages/django/http/request.py", line 150, in get_host
    raise DisallowedHost(msg)
django.core.exceptions.DisallowedHost: Invalid HTTP_HOST header: 'www.shadowserver.org'. You may need to add 'www.shadowserver.org' to ALLOWED_HOSTS.
Not Found: /.env.production
Not Found: /.env.save
Not Found: /.env.local
Not Found: /.env.prod
Not Found: /.env
Not Found: /.env.backup
Not Found: /.env.bak
Not Found: /.env.backup.txt
Not Found: /.env.production.bak
Not Found: /.env.old
Not Found: /.env.prod.bak
Not Found: /.env.development
Not Found: /.env.qa
Not Found: /.env.stage
Not Found: /.env.uat
Not Found: /.env.dev
Not Found: /.env.staging
Not Found: /.env.copy
Invalid HTTP_HOST header: '129.121.75.225'. You may need to add '129.121.75.225' to ALLOWED_HOSTS.
Traceback (most recent call last):
  File "/usr/local/lib/python3.9/site-packages/django/core/handlers/exception.py", line 55, in inner
    response = get_response(request)
  File "/usr/local/lib/python3.9/site-packages/django/utils/deprecation.py", line 133, in __call__
    response = self.process_request(request)
  File "/usr/local/lib/python3.9/site-packages/django/middleware/common.py", line 48, in process_request
    host = request.get_host()
  File "/usr/local/lib/python3.9/site-packages/django/http/request.py", line 150, in get_host
    raise DisallowedHost(msg)
django.core.exceptions.DisallowedHost: Invalid HTTP_HOST header: '129.121.75.225'. You may need to add '129.121.75.225' to ALLOWED_HOSTS.
Invalid HTTP_HOST header: '129.121.75.225:8001'. You may need to add '129.121.75.225' to ALLOWED_HOSTS.
Traceback (most recent call last):
  File "/usr/local/lib/python3.9/site-packages/django/core/handlers/exception.py", line 55, in inner
    response = get_response(request)
  File "/usr/local/lib/python3.9/site-packages/django/utils/deprecation.py", line 133, in __call__
    response = self.process_request(request)
  File "/usr/local/lib/python3.9/site-packages/django/middleware/common.py", line 48, in process_request
    host = request.get_host()
  File "/usr/local/lib/python3.9/site-packages/django/http/request.py", line 150, in get_host
    raise DisallowedHost(msg)
django.core.exceptions.DisallowedHost: Invalid HTTP_HOST header: '129.121.75.225:8001'. You may need to add '129.121.75.225' to ALLOWED_HOSTS.
Not Found: /.env.preprod
Not Found: /.env.pre-production
Not Found: /.env.demo
Not Found: /.env.test
Not Found: /.env.testing
Not Found: /.env.live
Not Found: /.env.example
Not Found: /.env.sample
Not Found: /.env.template
Not Found: /.env.dist
Not Found: /.env.default
Not Found: /.env.docker
Not Found: /.env.local.bak
Not Found: /.env.dev.local
Not Found: /.env.development.local
Not Found: /.env.production.local
Not Found: /.env.orig
Not Found: /.env~
Not Found: /.env.txt
Not Found: /env
Not Found: /env.txt
Not Found: /env.backup
Not Found: /env.bak
Not Found: /api/.env
Not Found: /env.old
Not Found: /api/.env.local
Not Found: /api/.env.production
Not Found: /api/.env.prod
Not Found: /api/.env.backup
Not Found: /api/.env.old
Not Found: /api/.env.bak
Not Found: /api/.env.staging
Not Found: /api/.env.dev
Not Found: /api/v1/.env
Not Found: /api/v2/.env
Not Found: /api/v3/.env
Not Found: /v2/.env
Not Found: /v1/.env
Not Found: /v3/.env
Not Found: /prod/.env
Not Found: /production/.env
Not Found: /staging/.env
Not Found: /stage/.env
Not Found: /development/.env
Not Found: /dev/.env
Not Found: /test/.env
Not Found: /qa/.env
Not Found: /uat/.env
Not Found: /app/.env
Not Found: /app/.env.local
Not Found: /app/.env.production
Not Found: /app/.env.prod
Not Found: /app/.env.backup
Not Found: /app/.env.staging
Not Found: /app/.env.bak
Not Found: /app/.env.old
Not Found: /app/.env.dev
Not Found: /app/api/.env
Not Found: /app/backend/.env
Not Found: /backend/.env
Not Found: /backend/.env.local
Not Found: /backend/.env.production
Not Found: /backend/.env.prod
Not Found: /backend/.env.old
Not Found: /backend/.env.backup
Not Found: /backend/.env.bak
Not Found: /backend/.env.staging
Not Found: /backend/.env.dev
Not Found: /backend/api/.env
Not Found: /frontend/.env
Not Found: /frontend/.env.local
Not Found: /frontend/.env.production
Not Found: /frontend/.env.prod
Not Found: /frontend/.env.backup
Not Found: /frontend/.env.staging
Not Found: /frontend/.env.dev
Not Found: /src/.env
Not Found: /src/.env.local
Not Found: /src/.env.backup
Not Found: /src/.env.production
Not Found: /src/api/.env
Not Found: /server/.env
Not Found: /server/.env.local
Not Found: /server/.env.production
Not Found: /server/.env.backup
Not Found: /services/.env
Not Found: /services/.env.local
Not Found: /services/.env.production
Not Found: /service/.env
Not Found: /internal/.env
Not Found: /internal/.env.production
Not Found: /private/.env
Not Found: /private/.env.production
Not Found: /config/.env
Not Found: /config/.env.local
Not Found: /config/.env.production
Not Found: /conf/.env
Not Found: /docker/.env
Not Found: /laravel/.env
Not Found: /symfony/.env
Not Found: /wp/.env
Not Found: /wordpress/.env
Not Found: /public/.env
Not Found: /web/.env
Not Found: /www/.env
Not Found: /htdocs/.env
Not Found: /html/.env
Not Found: /data/.env
Not Found: /uploads/.env
Not Found: /storage/.env
Not Found: /dist/.env
Not Found: /deploy/.env
Not Found: /build/.env
Not Found: /release/.env
Not Found: /tmp/.env
Not Found: /temp/.env
Not Found: /var/.env
Not Found: /portal/.env
Not Found: /dashboard/.env
Not Found: /cms/.env
Not Found: /apps/api/.env
Not Found: /apps/backend/.env
Not Found: /apps/frontend/.env
Not Found: /packages/api/.env
Not Found: /services/api/.env
Not Found: /services/auth/.env
Not Found: /services/backend/.env
Not Found: /api/backend/.env
Not Found: /wp-login.php
Forbidden (Referer checking failed - no Referer.): /accounts/login/
Invalid HTTP_HOST header: '129.121.75.225:8001'. You may need to add '129.121.75.225' to ALLOWED_HOSTS.
Traceback (most recent call last):
  File "/usr/local/lib/python3.9/site-packages/django/core/handlers/exception.py", line 55, in inner
    response = get_response(request)
  File "/usr/local/lib/python3.9/site-packages/django/utils/deprecation.py", line 133, in __call__
    response = self.process_request(request)
  File "/usr/local/lib/python3.9/site-packages/django/middleware/common.py", line 48, in process_request
    host = request.get_host()
  File "/usr/local/lib/python3.9/site-packages/django/http/request.py", line 150, in get_host
    raise DisallowedHost(msg)
django.core.exceptions.DisallowedHost: Invalid HTTP_HOST header: '129.121.75.225:8001'. You may need to add '129.121.75.225' to ALLOWED_HOSTS.
Invalid HTTP_HOST header: '129.121.75.225:8001'. You may need to add '129.121.75.225' to ALLOWED_HOSTS.
Traceback (most recent call last):
  File "/usr/local/lib/python3.9/site-packages/django/core/handlers/exception.py", line 55, in inner
    response = get_response(request)
  File "/usr/local/lib/python3.9/site-packages/django/utils/deprecation.py", line 133, in __call__
    response = self.process_request(request)
  File "/usr/local/lib/python3.9/site-packages/django/middleware/common.py", line 48, in process_request
    host = request.get_host()
  File "/usr/local/lib/python3.9/site-packages/django/http/request.py", line 150, in get_host
    raise DisallowedHost(msg)
django.core.exceptions.DisallowedHost: Invalid HTTP_HOST header: '129.121.75.225:8001'. You may need to add '129.121.75.225' to ALLOWED_HOSTS.
Invalid HTTP_HOST header: '129.121.75.225:8001'. You may need to add '129.121.75.225' to ALLOWED_HOSTS.
Traceback (most recent call last):
  File "/usr/local/lib/python3.9/site-packages/django/core/handlers/exception.py", line 55, in inner
    response = get_response(request)
  File "/usr/local/lib/python3.9/site-packages/django/utils/deprecation.py", line 133, in __call__
    response = self.process_request(request)
  File "/usr/local/lib/python3.9/site-packages/django/middleware/common.py", line 48, in process_request
    host = request.get_host()
  File "/usr/local/lib/python3.9/site-packages/django/http/request.py", line 150, in get_host
    raise DisallowedHost(msg)
django.core.exceptions.DisallowedHost: Invalid HTTP_HOST header: '129.121.75.225:8001'. You may need to add '129.121.75.225' to ALLOWED_HOSTS.
Not Found: /worklists/image/
Using production settings
initializing core app
initializing chat app
Requesting worklist item with study id 1.2.410.200001.1.13010.2688288675.1.20260609.1101740951.323.1
WorklistItem with UID 1.2.410.200001.1.13010.2688288675.1.20260609.1101740951.323.1 not found
Requesting worklist item with study id 1.2.410.200001.1.13010.2688288675.1.20260609.1101740951.323.1
WorklistItem with UID 1.2.410.200001.1.13010.2688288675.1.20260609.1101740951.323.1 not found
Requesting worklist item with study id 1.2.410.200001.1.13010.2688288675.1.20260609.1101740951.323.1
WorklistItem with UID 1.2.410.200001.1.13010.2688288675.1.20260609.1101740951.323.1 not found
Requesting worklist item with study id 1.2.410.200001.1.13010.2688288675.1.20260609.1101740951.323.1
WorklistItem with UID 1.2.410.200001.1.13010.2688288675.1.20260609.1101740951.323.1 not found
Requesting worklist item with study id 1.2.410.200001.1.13010.2688288675.1.20260609.1101740951.323.1
WorklistItem with UID 1.2.410.200001.1.13010.2688288675.1.20260609.1101740951.323.1 not found
Requesting worklist item with study id 1.2.410.200001.1.13010.2688288675.1.20260609.1101740951.323.1
WorklistItem with UID 1.2.410.200001.1.13010.2688288675.1.20260609.1101740951.323.1 not found
Requesting worklist item with study id 1.2.410.200001.1.13010.2688288675.1.20260609.1103623982.610.1
WorklistItem with UID 1.2.410.200001.1.13010.2688288675.1.20260609.1103623982.610.1 not found
Requesting worklist item with study id 1.2.410.200001.1.13010.2688288675.1.20260609.1111614938.216.1
WorklistItem with UID 1.2.410.200001.1.13010.2688288675.1.20260609.1111614938.216.1 not found
Requesting worklist item with study id 1.2.410.200001.1.13010.2688288675.1.20260609.1111614938.216.1
WorklistItem with UID 1.2.410.200001.1.13010.2688288675.1.20260609.1111614938.216.1 not found
Requesting worklist item with study id 1.2.410.200001.1.13010.2688288675.1.20260609.1111614938.216.1
WorklistItem with UID 1.2.410.200001.1.13010.2688288675.1.20260609.1111614938.216.1 not found
Requesting worklist item with study id 1.2.410.200001.1.13010.2688288675.1.20260609.1115806997.150.1
WorklistItem with UID 1.2.410.200001.1.13010.2688288675.1.20260609.1115806997.150.1 not found
Requesting worklist item with study id 1.2.410.200001.1.13010.2688288675.1.20260609.1115806997.150.1
WorklistItem with UID 1.2.410.200001.1.13010.2688288675.1.20260609.1115806997.150.1 not found
Requesting worklist item with study id 1.2.410.200001.1.13010.2688288675.1.20260609.1115806997.150.1
WorklistItem with UID 1.2.410.200001.1.13010.2688288675.1.20260609.1115806997.150.1 not found
Requesting worklist item with study id 1.2.410.200001.1.13010.2688288675.1.20260609.1115806997.150.1
WorklistItem with UID 1.2.410.200001.1.13010.2688288675.1.20260609.1115806997.150.1 not found
Requesting worklist item with study id 1.2.410.200001.1.13010.2688288675.1.20260609.1115806997.150.1
WorklistItem with UID 1.2.410.200001.1.13010.2688288675.1.20260609.1115806997.150.1 not found
Requesting worklist item with study id 1.2.410.200001.1.13010.2688288675.1.20260609.1115806997.150.1
WorklistItem with UID 1.2.410.200001.1.13010.2688288675.1.20260609.1115806997.150.1 not found
Requesting worklist item with study id 1.2.410.200001.1.13010.2688288675.1.20260609.1132550593.129.1
WorklistItem with UID 1.2.410.200001.1.13010.2688288675.1.20260609.1132550593.129.1 not found
Requesting worklist item with study id 1.2.410.200001.1.13010.2688288675.1.20260609.1132550593.129.1
WorklistItem with UID 1.2.410.200001.1.13010.2688288675.1.20260609.1132550593.129.1 not found
Requesting worklist item with study id 1.2.410.200001.1.13010.2688288675.1.20260609.1132550593.129.1
WorklistItem with UID 1.2.410.200001.1.13010.2688288675.1.20260609.1132550593.129.1 not found
Requesting worklist item with study id 1.2.410.200001.1.13010.2688288675.1.20260609.1132550593.129.1
WorklistItem with UID 1.2.410.200001.1.13010.2688288675.1.20260609.1132550593.129.1 not found
Order col 0 identifiant_unique
Filter  nom_naissance 
Filter  nom 
Filter  prenom 
Filter  date_naissance 
Filter  adresse 
Filter  telephone 
Filter   
Filter  ancien_numero 
Filter   
Admission à 2026-06-09 13:41:48.397517
Order col 0 identifiant_unique
Filter  nom_naissance 
Filter  nom 
Filter  prenom 
Filter  date_naissance 
Filter  adresse 
Filter  telephone 
Filter   
Filter  ancien_numero 
Filter   
Order col name date
>>>>>>>>> resultat {}
creer_worklist_item
creer_worklist_item
>>>>>>>>> resultat {}
<QuerySet []>
<QuerySet []>
<QuerySet []>
<QuerySet []>
<QuerySet []>
Items found <QuerySet []>
<QuerySet []>
<QuerySet []>
<QuerySet []>
<QuerySet []>
<QuerySet []>
<QuerySet []>
<QuerySet []>
<QuerySet []>
<QuerySet []>
<QuerySet []>
<QuerySet []>
<QuerySet []>
<QuerySet []>
<QuerySet []>
<QuerySet []>
<QuerySet []>
<QuerySet []>
<QuerySet []>
<QuerySet []>
<QuerySet []>
<QuerySet []>
<QuerySet []>
<QuerySet []>
<QuerySet []>
<QuerySet []>
<QuerySet []>
<QuerySet []>
<QuerySet []>
<QuerySet []>
<QuerySet []>
<QuerySet []>
<QuerySet []>
<QuerySet []>
<QuerySet []>
<QuerySet []>
<QuerySet []>
<QuerySet []>
<QuerySet []>
<QuerySet []>
<QuerySet []>
<QuerySet []>
<QuerySet []>
<QuerySet []>
<QuerySet []>
<QuerySet []>
<QuerySet []>
<QuerySet []>
<QuerySet []>
<QuerySet []>
<QuerySet []>
<QuerySet []>
<QuerySet []>
<QuerySet []>
<QuerySet []>
<QuerySet []>
<QuerySet []>
<QuerySet []>
<QuerySet []>
<QuerySet []>
<QuerySet []>
<QuerySet []>
<QuerySet []>
Requesting worklist item with study id 1.2.410.200001.1.13010.2688288675.1.20260609.1144526105.251.1
WorklistItem with UID 1.2.410.200001.1.13010.2688288675.1.20260609.1144526105.251.1 not found
Requesting worklist item with study id 1.2.410.200001.1.13010.2688288675.1.20260609.1151726895.806.1
WorklistItem with UID 1.2.410.200001.1.13010.2688288675.1.20260609.1151726895.806.1 not found
<QuerySet []>
<QuerySet []>
<QuerySet []>
<QuerySet []>
<QuerySet []>
<QuerySet []>
<QuerySet []>
<QuerySet []>
<QuerySet []>
<QuerySet []>
<QuerySet []>
<QuerySet []>
<QuerySet []>
<QuerySet []>
<QuerySet []>
<QuerySet []>
<QuerySet []>
<QuerySet []>
<QuerySet []>
<QuerySet []>
<QuerySet []>
<QuerySet []>
<QuerySet []>
<QuerySet []>
<QuerySet []>
<QuerySet []>
<QuerySet []>
<QuerySet []>
<QuerySet []>
<QuerySet []>
<QuerySet []>
<QuerySet []>
<QuerySet []>
<QuerySet []>
<QuerySet []>
<QuerySet []>
<QuerySet []>
<QuerySet []>
<QuerySet []>
<QuerySet []>
<QuerySet []>
<QuerySet []>
<QuerySet []>
<QuerySet []>
<QuerySet []>
<QuerySet []>
<QuerySet []>
<QuerySet []>
<QuerySet []>
<QuerySet []>
<QuerySet []>
<QuerySet []>
<QuerySet []>
<QuerySet []>
<QuerySet []>
<QuerySet []>
<QuerySet []>
<QuerySet []>
<QuerySet []>
<QuerySet []>
<QuerySet []>
<QuerySet []>
<QuerySet []>
<QuerySet []>
<QuerySet []>
<QuerySet []>
<QuerySet []>
<QuerySet []>
<QuerySet []>
<QuerySet []>
<QuerySet []>
<QuerySet []>
<QuerySet []>
<QuerySet []>
<QuerySet []>
<QuerySet []>
<QuerySet []>
<QuerySet []>
<QuerySet []>
<QuerySet []>
<QuerySet []>
<QuerySet []>
<QuerySet []>
<QuerySet []>
<QuerySet []>
<QuerySet []>
<QuerySet []>
<QuerySet []>
<QuerySet []>
<QuerySet []>
<QuerySet []>
<QuerySet []>
<QuerySet []>
<QuerySet []>
<QuerySet []>
<QuerySet []>
<QuerySet []>
<QuerySet []>
<QuerySet []>
<QuerySet []>
<QuerySet []>
<QuerySet []>
<QuerySet []>
<QuerySet []>
<QuerySet []>
<QuerySet []>
<QuerySet []>
<QuerySet []>
<QuerySet []>
<QuerySet []>
<QuerySet []>
<QuerySet []>
<QuerySet []>
<QuerySet []>
<QuerySet []>
<QuerySet []>
<QuerySet []>
<QuerySet []>
<QuerySet []>
<QuerySet []>
<QuerySet []>
<QuerySet []>
<QuerySet []>
<QuerySet []>
<QuerySet []>
<QuerySet []>
<QuerySet []>
<QuerySet []>
<QuerySet []>
<QuerySet []>
<QuerySet []>
<QuerySet []>
<QuerySet []>
<QuerySet []>
<QuerySet []>
<QuerySet []>
<QuerySet []>
<QuerySet []>
<QuerySet []>
<QuerySet []>
<QuerySet []>
<QuerySet []>
<QuerySet []>
<QuerySet []>
<QuerySet []>
<QuerySet []>
<QuerySet []>
<QuerySet []>
<QuerySet []>
<QuerySet []>
<QuerySet []>
<QuerySet []>
<QuerySet []>
<QuerySet []>
<QuerySet []>
<QuerySet []>
<QuerySet []>
<QuerySet []>
<QuerySet []>
<QuerySet []>
Requesting worklist item with study id 1.2.410.200001.1.13010.2688288675.1.20260610.1091531991.668.1
Not Found: /worklists/image/
Not Found: /worklists/image/
Not Found: /worklists/image/
Not Found: /worklists/image/
Not Found: /worklists/image/
Not Found: /worklists/image/
Not Found: /worklists/image/
Not Found: /worklists/image/
Not Found: /worklists/image/
Not Found: /worklists/image/
Using production settings
initializing core app
initializing chat app
Requesting worklist item with study id 1.2.410.200001.1.13010.2688288675.1.20260609.1101740951.323.1
WorklistItem with UID 1.2.410.200001.1.13010.2688288675.1.20260609.1101740951.323.1 not found
Requesting worklist item with study id 1.2.410.200001.1.13010.2688288675.1.20260609.1101740951.323.1
WorklistItem with UID 1.2.410.200001.1.13010.2688288675.1.20260609.1101740951.323.1 not found
Requesting worklist item with study id 1.2.410.200001.1.13010.2688288675.1.20260609.1105402365.729.1
WorklistItem with UID 1.2.410.200001.1.13010.2688288675.1.20260609.1105402365.729.1 not found
Requesting worklist item with study id 1.2.410.200001.1.13010.2688288675.1.20260609.1105402365.729.1
WorklistItem with UID 1.2.410.200001.1.13010.2688288675.1.20260609.1105402365.729.1 not found
Requesting worklist item with study id 1.2.410.200001.1.13010.2688288675.1.20260609.1111614938.216.1
WorklistItem with UID 1.2.410.200001.1.13010.2688288675.1.20260609.1111614938.216.1 not found
Requesting worklist item with study id 1.2.410.200001.1.13010.2688288675.1.20260609.1111614938.216.1
WorklistItem with UID 1.2.410.200001.1.13010.2688288675.1.20260609.1111614938.216.1 not found
Requesting worklist item with study id 1.2.410.200001.1.13010.2688288675.1.20260609.1113853917.151.1
WorklistItem with UID 1.2.410.200001.1.13010.2688288675.1.20260609.1113853917.151.1 not found
Requesting worklist item with study id 1.2.410.200001.1.13010.2688288675.1.20260609.1115806997.150.1
WorklistItem with UID 1.2.410.200001.1.13010.2688288675.1.20260609.1115806997.150.1 not found
Requesting worklist item with study id 1.2.410.200001.1.13010.2688288675.1.20260609.1115806997.150.1
WorklistItem with UID 1.2.410.200001.1.13010.2688288675.1.20260609.1115806997.150.1 not found
Requesting worklist item with study id 1.2.410.200001.1.13010.2688288675.1.20260609.1115806997.150.1
WorklistItem with UID 1.2.410.200001.1.13010.2688288675.1.20260609.1115806997.150.1 not found
Requesting worklist item with study id 1.2.410.200001.1.13010.2688288675.1.20260609.1115806997.150.1
WorklistItem with UID 1.2.410.200001.1.13010.2688288675.1.20260609.1115806997.150.1 not found
Requesting worklist item with study id 1.2.410.200001.1.13010.2688288675.1.20260609.1115806997.150.1
WorklistItem with UID 1.2.410.200001.1.13010.2688288675.1.20260609.1115806997.150.1 not found
Requesting worklist item with study id 1.2.410.200001.1.13010.2688288675.1.20260609.1115806997.150.1
WorklistItem with UID 1.2.410.200001.1.13010.2688288675.1.20260609.1115806997.150.1 not found
Requesting worklist item with study id 1.2.410.200001.1.13010.2688288675.1.20260609.1115806997.150.1
WorklistItem with UID 1.2.410.200001.1.13010.2688288675.1.20260609.1115806997.150.1 not found
Requesting worklist item with study id 1.2.410.200001.1.13010.2688288675.1.20260609.1130054466.405.1
WorklistItem with UID 1.2.410.200001.1.13010.2688288675.1.20260609.1130054466.405.1 not found
Requesting worklist item with study id 1.2.410.200001.1.13010.2688288675.1.20260609.1130054466.405.1
WorklistItem with UID 1.2.410.200001.1.13010.2688288675.1.20260609.1130054466.405.1 not found
Requesting worklist item with study id 1.2.410.200001.1.13010.2688288675.1.20260609.1132550593.129.1
WorklistItem with UID 1.2.410.200001.1.13010.2688288675.1.20260609.1132550593.129.1 not found
Order col 0 identifiant_unique
Filter  nom_naissance 
Filter  nom 
Filter  prenom 
Filter  date_naissance 
Filter  adresse 
Filter  telephone 
Filter   
Filter  ancien_numero 
Filter   
Order col name date
********************************
>>>>>>>>> resultat {}
<QuerySet []>
<QuerySet []>
<QuerySet []>
<QuerySet []>
<QuerySet []>
<QuerySet []>
<QuerySet []>
<QuerySet []>
<QuerySet []>
<QuerySet []>
<QuerySet []>
<QuerySet []>
<QuerySet []>
<QuerySet []>
<QuerySet []>
<QuerySet []>
<QuerySet []>
<QuerySet []>
<QuerySet []>
<QuerySet []>
<QuerySet []>
<QuerySet []>
<QuerySet []>
<QuerySet []>
<QuerySet []>
<QuerySet []>
<QuerySet []>
<QuerySet []>
<QuerySet []>
<QuerySet []>
<QuerySet []>
<QuerySet []>
<QuerySet []>
<QuerySet []>
<QuerySet []>
<QuerySet []>
<QuerySet []>
<QuerySet []>
<QuerySet []>
<QuerySet []>
<QuerySet []>
<QuerySet []>
<QuerySet []>
<QuerySet []>
<QuerySet []>
<QuerySet []>
<QuerySet []>
<QuerySet []>
<QuerySet []>
<QuerySet []>
<QuerySet []>
<QuerySet []>
<QuerySet []>
<QuerySet []>
<QuerySet []>
<QuerySet []>
<QuerySet []>
<QuerySet []>
<QuerySet []>
<QuerySet []>
<QuerySet []>
<QuerySet []>
<QuerySet []>
<QuerySet []>
<QuerySet []>
<QuerySet []>
<QuerySet []>
<QuerySet []>
<QuerySet []>
<QuerySet []>
<QuerySet []>
<QuerySet []>
<QuerySet []>
<QuerySet []>
<QuerySet []>
<QuerySet []>
<QuerySet []>
<QuerySet []>
<QuerySet []>
<QuerySet []>
<QuerySet []>
<QuerySet []>
<QuerySet []>
<QuerySet []>
<QuerySet []>
<QuerySet []>
<QuerySet []>
<QuerySet []>
<QuerySet []>
<QuerySet []>
<QuerySet []>
<QuerySet []>
<QuerySet []>
Requesting worklist item with study id 1.2.410.200001.1.13010.2688288675.1.20260609.1144526105.251.1
WorklistItem with UID 1.2.410.200001.1.13010.2688288675.1.20260609.1144526105.251.1 not found
Requesting worklist item with study id 1.2.410.200001.1.13010.2688288675.1.20260609.1144526105.251.1
WorklistItem with UID 1.2.410.200001.1.13010.2688288675.1.20260609.1144526105.251.1 not found
<QuerySet []>
<QuerySet []>
<QuerySet []>
<QuerySet []>
<QuerySet []>
<QuerySet []>
<QuerySet []>
<QuerySet []>
<QuerySet []>
<QuerySet []>
<QuerySet []>
<QuerySet []>
<QuerySet []>
<QuerySet []>
<QuerySet []>
<QuerySet []>
<QuerySet []>
<QuerySet []>
<QuerySet []>
<QuerySet []>
<QuerySet []>
<QuerySet []>
<QuerySet []>
<QuerySet []>
<QuerySet []>
<QuerySet []>
<QuerySet []>
<QuerySet []>
<QuerySet []>
<QuerySet []>
<QuerySet []>
<QuerySet []>
<QuerySet []>
<QuerySet []>
<QuerySet []>
<QuerySet []>
<QuerySet []>
<QuerySet []>
<QuerySet []>
<QuerySet []>
<QuerySet []>
<QuerySet []>
<QuerySet []>
<QuerySet []>
<QuerySet []>
<QuerySet []>
<QuerySet []>
<QuerySet []>
<QuerySet []>
<QuerySet []>
<QuerySet []>
<QuerySet []>
<QuerySet []>
<QuerySet []>
<QuerySet []>
<QuerySet []>
<QuerySet []>
<QuerySet []>
<QuerySet []>
<QuerySet []>
<QuerySet []>
<QuerySet []>
<QuerySet []>
<QuerySet []>
<QuerySet []>
<QuerySet []>
<QuerySet []>
<QuerySet []>
<QuerySet []>
<QuerySet []>
<QuerySet []>
<QuerySet []>
<QuerySet []>
<QuerySet []>
<QuerySet []>
<QuerySet []>
<QuerySet []>
<QuerySet []>
<QuerySet []>
<QuerySet []>
<QuerySet []>
<QuerySet []>
<QuerySet []>
<QuerySet []>
<QuerySet []>
<QuerySet []>
<QuerySet []>
<QuerySet []>
<QuerySet []>
<QuerySet []>
<QuerySet []>
<QuerySet []>
<QuerySet []>
<QuerySet []>
<QuerySet []>
<QuerySet []>
<QuerySet []>
<QuerySet []>
<QuerySet []>
<QuerySet []>
<QuerySet []>
<QuerySet []>
<QuerySet []>
<QuerySet []>
<QuerySet []>
<QuerySet []>
<QuerySet []>
<QuerySet []>
<QuerySet []>
<QuerySet []>
<QuerySet []>
<QuerySet []>
<QuerySet []>
<QuerySet []>
<QuerySet []>
<QuerySet []>
<QuerySet []>
<QuerySet []>
<QuerySet []>
<QuerySet []>
<QuerySet []>
<QuerySet []>
<QuerySet []>
<QuerySet []>
<QuerySet []>
<QuerySet []>
<QuerySet []>
<QuerySet []>
<QuerySet []>
<QuerySet []>
<QuerySet []>
<QuerySet []>
<QuerySet []>
<QuerySet []>
<QuerySet []>
Requesting worklist item with study id 1.2.410.200001.1.13010.2688288675.1.20260610.1091531991.668.1
WorklistItem with UID 1.2.410.200001.1.13010.2688288675.1.20260610.1091531991.668.1 not found
Requesting worklist item with study id 1.2.410.200001.1.13010.2688288675.1.20260610.1091531991.668.1
WorklistItem with UID 1.2.410.200001.1.13010.2688288675.1.20260610.1091531991.668.1 not found
Requesting worklist item with study id 1.2.410.200001.1.13010.2688288675.1.20260610.1091531991.668.1
WorklistItem with UID 1.2.410.200001.1.13010.2688288675.1.20260610.1091531991.668.1 not found
Requesting worklist item with study id 1.2.410.200001.1.13010.2688288675.1.20260610.1091531991.668.1
WorklistItem with UID 1.2.410.200001.1.13010.2688288675.1.20260610.1091531991.668.1 not found
Requesting worklist item with study id 1.2.410.200001.1.13010.2688288675.1.20260610.1091531991.668.1
Not Found: /worklists/image/
Not Found: /worklists/image/
Not Found: /worklists/image/
Not Found: /worklists/image/
Not Found: /worklists/image/
Not Found: /worklists/image/
Not Found: /worklists/image/
Not Found: /worklists/image/
Not Found: /worklists/image/
Not Found: /worklists/image/
Not Found: /worklists/image/
Not Found: /worklists/image/
Not Found: /worklists/image/
Not Found: /worklists/image/
Not Found: /worklists/image/
Not Found: /worklists/image/
Not Found: /worklists/image/
Using production settings
initializing core app
initializing chat app
Requesting worklist item with study id 1.2.410.200001.1.13010.2688288675.1.20260609.1111614938.216.1
WorklistItem with UID 1.2.410.200001.1.13010.2688288675.1.20260609.1111614938.216.1 not found
Requesting worklist item with study id 1.2.410.200001.1.13010.2688288675.1.20260609.1111614938.216.1
WorklistItem with UID 1.2.410.200001.1.13010.2688288675.1.20260609.1111614938.216.1 not found
Requesting worklist item with study id 1.2.410.200001.1.13010.2688288675.1.20260609.1111614938.216.1
WorklistItem with UID 1.2.410.200001.1.13010.2688288675.1.20260609.1111614938.216.1 not found
Requesting worklist item with study id 1.2.410.200001.1.13010.2688288675.1.20260609.1115806997.150.1
WorklistItem with UID 1.2.410.200001.1.13010.2688288675.1.20260609.1115806997.150.1 not found
Requesting worklist item with study id 1.2.410.200001.1.13010.2688288675.1.20260609.1115806997.150.1
WorklistItem with UID 1.2.410.200001.1.13010.2688288675.1.20260609.1115806997.150.1 not found
Requesting worklist item with study id 1.2.410.200001.1.13010.2688288675.1.20260609.1115806997.150.1
WorklistItem with UID 1.2.410.200001.1.13010.2688288675.1.20260609.1115806997.150.1 not found
Requesting worklist item with study id 1.2.410.200001.1.13010.2688288675.1.20260609.1115806997.150.1
WorklistItem with UID 1.2.410.200001.1.13010.2688288675.1.20260609.1115806997.150.1 not found
Requesting worklist item with study id 1.2.410.200001.1.13010.2688288675.1.20260609.1115806997.150.1
WorklistItem with UID 1.2.410.200001.1.13010.2688288675.1.20260609.1115806997.150.1 not found
Requesting worklist item with study id 1.2.410.200001.1.13010.2688288675.1.20260609.1115806997.150.1
WorklistItem with UID 1.2.410.200001.1.13010.2688288675.1.20260609.1115806997.150.1 not found
Requesting worklist item with study id 1.2.410.200001.1.13010.2688288675.1.20260609.1115806997.150.1
WorklistItem with UID 1.2.410.200001.1.13010.2688288675.1.20260609.1115806997.150.1 not found
Requesting worklist item with study id 1.2.410.200001.1.13010.2688288675.1.20260609.1130054466.405.1
WorklistItem with UID 1.2.410.200001.1.13010.2688288675.1.20260609.1130054466.405.1 not found
Requesting worklist item with study id 1.2.410.200001.1.13010.2688288675.1.20260609.1132550593.129.1
WorklistItem with UID 1.2.410.200001.1.13010.2688288675.1.20260609.1132550593.129.1 not found
Requesting worklist item with study id 1.2.410.200001.1.13010.2688288675.1.20260609.1132550593.129.1
WorklistItem with UID 1.2.410.200001.1.13010.2688288675.1.20260609.1132550593.129.1 not found
Requesting worklist item with study id 1.2.410.200001.1.13010.2688288675.1.20260609.1132550593.129.1
WorklistItem with UID 1.2.410.200001.1.13010.2688288675.1.20260609.1132550593.129.1 not found
Order col 0 identifiant_unique
Filter  nom_naissance 
Filter  nom 
Filter  prenom 
Filter  date_naissance 
Filter  adresse 
Filter  telephone 
Filter   
Filter  ancien_numero 
Filter   
Order col 0 identifiant_unique
Filter  nom_naissance 
Filter  nom 
Filter  prenom 
Filter  date_naissance 
Filter  adresse 
Filter  telephone 
Filter   
Filter  ancien_numero 
Filter   
Order col name date
<QuerySet []>
<QuerySet []>
Order col name date
creer_worklist_item
creer_worklist_item
********************************
<QuerySet []>
<QuerySet []>
<QuerySet []>
<QuerySet []>
<QuerySet []>
<QuerySet []>
<QuerySet []>
<QuerySet []>
<QuerySet []>
<QuerySet []>
<QuerySet []>
<QuerySet []>
<QuerySet []>
<QuerySet []>
<QuerySet []>
<QuerySet []>
<QuerySet []>
<QuerySet []>
<QuerySet []>
<QuerySet []>
<QuerySet []>
<QuerySet []>
<QuerySet []>
<QuerySet []>
<QuerySet []>
<QuerySet []>
<QuerySet []>
<QuerySet []>
<QuerySet []>
<QuerySet []>
<QuerySet []>
<QuerySet []>
<QuerySet []>
<QuerySet []>
<QuerySet []>
<QuerySet []>
<QuerySet []>
<QuerySet []>
<QuerySet []>
<QuerySet []>
<QuerySet []>
<QuerySet []>
<QuerySet []>
<QuerySet []>
<QuerySet []>
<QuerySet []>
<QuerySet []>
<QuerySet []>
<QuerySet []>
<QuerySet []>
<QuerySet []>
<QuerySet []>
<QuerySet []>
<QuerySet []>
Requesting worklist item with study id 1.2.410.200001.1.13010.2688288675.1.20260609.1141504246.523.1
WorklistItem with UID 1.2.410.200001.1.13010.2688288675.1.20260609.1141504246.523.1 not found
Requesting worklist item with study id 1.2.410.200001.1.13010.2688288675.1.20260609.1141504246.523.1
WorklistItem with UID 1.2.410.200001.1.13010.2688288675.1.20260609.1141504246.523.1 not found
<QuerySet []>
<QuerySet []>
<QuerySet []>
<QuerySet []>
<QuerySet []>
<QuerySet []>
>>>>>>>>> resultat {}
<QuerySet []>
<QuerySet []>
<QuerySet []>
<QuerySet []>
<QuerySet []>
<QuerySet []>
<QuerySet []>
<QuerySet []>
<QuerySet []>
<QuerySet []>
<QuerySet []>
<QuerySet []>
<QuerySet []>
<QuerySet []>
<QuerySet []>
<QuerySet []>
<QuerySet []>
<QuerySet []>
<QuerySet []>
<QuerySet []>
<QuerySet []>
<QuerySet []>
<QuerySet []>
<QuerySet []>
<QuerySet []>
<QuerySet []>
<QuerySet []>
<QuerySet []>
<QuerySet []>
<QuerySet []>
<QuerySet []>
<QuerySet []>
<QuerySet []>
<QuerySet []>
<QuerySet []>
<QuerySet []>
<QuerySet []>
<QuerySet []>
<QuerySet []>
<QuerySet []>
<QuerySet []>
<QuerySet []>
<QuerySet []>
<QuerySet []>
<QuerySet []>
<QuerySet []>
<QuerySet []>
<QuerySet []>
<QuerySet []>
<QuerySet []>
<QuerySet []>
<QuerySet []>
<QuerySet []>
<QuerySet []>
<QuerySet []>
<QuerySet []>
<QuerySet []>
<QuerySet []>
<QuerySet []>
<QuerySet []>
<QuerySet []>
<QuerySet []>
<QuerySet []>
<QuerySet []>
<QuerySet []>
<QuerySet []>
<QuerySet []>
<QuerySet []>
<QuerySet []>
<QuerySet []>
<QuerySet []>
<QuerySet []>
<QuerySet []>
<QuerySet []>
<QuerySet []>
<QuerySet []>
<QuerySet []>
<QuerySet []>
<QuerySet []>
<QuerySet []>
<QuerySet []>
<QuerySet []>
<QuerySet []>
<QuerySet []>
<QuerySet []>
<QuerySet []>
<QuerySet []>
<QuerySet []>
<QuerySet []>
<QuerySet []>
<QuerySet []>
<QuerySet []>
<QuerySet []>
<QuerySet []>
<QuerySet []>
<QuerySet []>
<QuerySet []>
<QuerySet []>
<QuerySet []>
<QuerySet []>
<QuerySet []>
<QuerySet []>
<QuerySet []>
<QuerySet []>
<QuerySet []>
<QuerySet []>
<QuerySet []>
<QuerySet []>
<QuerySet []>
<QuerySet []>
<QuerySet []>
<QuerySet []>
<QuerySet []>
<QuerySet []>
<QuerySet []>
<QuerySet []>
<QuerySet []>
<QuerySet []>
<QuerySet []>
<QuerySet []>
<QuerySet []>
<QuerySet []>
<QuerySet []>
<QuerySet []>
<QuerySet []>
<QuerySet []>
<QuerySet []>
<QuerySet []>
<QuerySet []>
<QuerySet []>
<QuerySet []>
<QuerySet []>
<QuerySet []>
<QuerySet []>
<QuerySet []>
<QuerySet []>
<QuerySet []>
<QuerySet []>
<QuerySet []>
<QuerySet []>
<QuerySet []>
<QuerySet []>
<QuerySet []>
<QuerySet []>
<QuerySet []>
<QuerySet []>
<QuerySet []>
<QuerySet []>
<QuerySet []>
<QuerySet []>
<QuerySet []>
<QuerySet []>
<QuerySet []>
<QuerySet []>
<QuerySet []>
<QuerySet []>
<QuerySet []>
<QuerySet []>
<QuerySet []>
<QuerySet []>
<QuerySet []>
<QuerySet []>
<QuerySet []>
<QuerySet []>
<QuerySet []>
<QuerySet []>
<QuerySet []>
<QuerySet []>
<QuerySet []>
Requesting worklist item with study id 1.2.410.200001.1.13010.2688288675.1.20260610.1091531991.668.1
WorklistItem with UID 1.2.410.200001.1.13010.2688288675.1.20260610.1091531991.668.1 not found
Requesting worklist item with study id 1.2.410.200001.1.13010.2688288675.1.20260610.1091531991.668.1
WorklistItem with UID 1.2.410.200001.1.13010.2688288675.1.20260610.1091531991.668.1 not found
Requesting worklist item with study id 1.2.410.200001.1.13010.2688288675.1.20260610.1091531991.668.1
WorklistItem with UID 1.2.410.200001.1.13010.2688288675.1.20260610.1091531991.668.1 not found
Requesting worklist item with study id 1.2.410.200001.1.13010.2688288675.1.20260610.1091531991.668.1
WorklistItem with UID 1.2.410.200001.1.13010.2688288675.1.20260610.1091531991.668.1 not found
Requesting worklist item with study id 1.2.410.200001.1.13010.2688288675.1.20260610.1091531991.668.1
WorklistItem with UID 1.2.410.200001.1.13010.2688288675.1.20260610.1091531991.668.1 not found
Requesting worklist item with study id 1.2.410.200001.1.13010.2688288675.1.20260610.1091531991.668.1
WorklistItem with UID 1.2.410.200001.1.13010.2688288675.1.20260610.1091531991.668.1 not found
Not Found: /worklists/image/
Not Found: /worklists/image/
Not Found: /worklists/image/
Not Found: /worklists/image/
Not Found: /worklists/image/
Not Found: /worklists/image/
Not Found: /worklists/image/
Not Found: /worklists/image/
Not Found: /worklists/image/
Not Found: /worklists/image/
Not Found: /worklists/image/
Not Found: /worklists/image/
Not Found: /worklists/image/
Not Found: /worklists/image/
Not Found: /worklists/image/
Not Found: /worklists/image/
Not Found: /worklists/image/
Not Found: /worklists/image/
Not Found: /worklists/image/
Not Found: /worklists/image/
Not Found: /worklists/image/
Not Found: /worklists/image/
Not Found: /worklists/image/
Not Found: /worklists/image/
Not Found: /worklists/image/
Not Found: /worklists/image/
Not Found: /worklists/image/
Not Found: /worklists/image/
Using production settings
initializing core app
initializing chat app
Requesting worklist item with study id 1.2.410.200001.1.13010.2688288675.1.20260609.1101740951.323.1
WorklistItem with UID 1.2.410.200001.1.13010.2688288675.1.20260609.1101740951.323.1 not found
Requesting worklist item with study id 1.2.410.200001.1.13010.2688288675.1.20260609.1105402365.729.1
WorklistItem with UID 1.2.410.200001.1.13010.2688288675.1.20260609.1105402365.729.1 not found
Requesting worklist item with study id 1.2.410.200001.1.13010.2688288675.1.20260609.1111614938.216.1
WorklistItem with UID 1.2.410.200001.1.13010.2688288675.1.20260609.1111614938.216.1 not found
Requesting worklist item with study id 1.2.410.200001.1.13010.2688288675.1.20260609.1111614938.216.1
WorklistItem with UID 1.2.410.200001.1.13010.2688288675.1.20260609.1111614938.216.1 not found
Requesting worklist item with study id 1.2.410.200001.1.13010.2688288675.1.20260609.1113853917.151.1
WorklistItem with UID 1.2.410.200001.1.13010.2688288675.1.20260609.1113853917.151.1 not found
Requesting worklist item with study id 1.2.410.200001.1.13010.2688288675.1.20260609.1115806997.150.1
WorklistItem with UID 1.2.410.200001.1.13010.2688288675.1.20260609.1115806997.150.1 not found
Requesting worklist item with study id 1.2.410.200001.1.13010.2688288675.1.20260609.1115806997.150.1
WorklistItem with UID 1.2.410.200001.1.13010.2688288675.1.20260609.1115806997.150.1 not found
Requesting worklist item with study id 1.2.410.200001.1.13010.2688288675.1.20260609.1115806997.150.1
WorklistItem with UID 1.2.410.200001.1.13010.2688288675.1.20260609.1115806997.150.1 not found
Requesting worklist item with study id 1.2.410.200001.1.13010.2688288675.1.20260609.1115806997.150.1
WorklistItem with UID 1.2.410.200001.1.13010.2688288675.1.20260609.1115806997.150.1 not found
Requesting worklist item with study id 1.2.410.200001.1.13010.2688288675.1.20260609.1115806997.150.1
WorklistItem with UID 1.2.410.200001.1.13010.2688288675.1.20260609.1115806997.150.1 not found
Requesting worklist item with study id 1.2.410.200001.1.13010.2688288675.1.20260609.1115806997.150.1
WorklistItem with UID 1.2.410.200001.1.13010.2688288675.1.20260609.1115806997.150.1 not found
Requesting worklist item with study id 1.2.410.200001.1.13010.2688288675.1.20260609.1132550593.129.1
WorklistItem with UID 1.2.410.200001.1.13010.2688288675.1.20260609.1132550593.129.1 not found
Order col 0 identifiant_unique
Filter  nom_naissance 
Filter  nom 
Filter  prenom 
Filter  date_naissance 
Filter  adresse 
Filter  telephone 
Filter   
Filter  ancien_numero 
Filter   
Order col name date
Order col name date
********************************
>>>>>>>>> resultat {}
creer_worklist_item
creer_worklist_item
>>>>>>>>> resultat {}
<QuerySet []>
<QuerySet []>
<QuerySet []>
<QuerySet []>
<QuerySet []>
<QuerySet []>
<QuerySet []>
<QuerySet []>
<QuerySet []>
<QuerySet []>
<QuerySet []>
<QuerySet []>
<QuerySet []>
<QuerySet []>
<QuerySet []>
<QuerySet []>
<QuerySet []>
<QuerySet []>
<QuerySet []>
<QuerySet []>
<QuerySet []>
<QuerySet []>
<QuerySet []>
<QuerySet []>
<QuerySet []>
<QuerySet []>
<QuerySet []>
<QuerySet []>
<QuerySet []>
<QuerySet []>
<QuerySet []>
<QuerySet []>
<QuerySet []>
<QuerySet []>
<QuerySet []>
<QuerySet []>
<QuerySet []>
<QuerySet []>
<QuerySet []>
<QuerySet []>
<QuerySet []>
<QuerySet []>
<QuerySet []>
<QuerySet []>
<QuerySet []>
<QuerySet []>
<QuerySet []>
<QuerySet []>
<QuerySet []>
<QuerySet []>
<QuerySet []>
<QuerySet []>
<QuerySet []>
<QuerySet []>
<QuerySet []>
<QuerySet []>
<QuerySet []>
<QuerySet []>
<QuerySet []>
<QuerySet []>
<QuerySet []>
<QuerySet []>
<QuerySet []>
<QuerySet []>
<QuerySet []>
Requesting worklist item with study id 1.2.410.200001.1.13010.2688288675.1.20260609.1144526105.251.1
WorklistItem with UID 1.2.410.200001.1.13010.2688288675.1.20260609.1144526105.251.1 not found
Requesting worklist item with study id 1.2.410.200001.1.13010.2688288675.1.20260609.1151726895.806.1
WorklistItem with UID 1.2.410.200001.1.13010.2688288675.1.20260609.1151726895.806.1 not found
<QuerySet []>
<QuerySet []>
<QuerySet []>
<QuerySet []>
<QuerySet []>
<QuerySet []>
<QuerySet []>
<QuerySet []>
<QuerySet []>
<QuerySet []>
<QuerySet []>
<QuerySet []>
<QuerySet []>
<QuerySet []>
<QuerySet []>
<QuerySet []>
<QuerySet []>
<QuerySet []>
<QuerySet []>
<QuerySet []>
<QuerySet []>
<QuerySet []>
<QuerySet []>
<QuerySet []>
<QuerySet []>
<QuerySet []>
<QuerySet []>
<QuerySet []>
<QuerySet []>
<QuerySet []>
<QuerySet []>
<QuerySet []>
<QuerySet []>
<QuerySet []>
<QuerySet []>
<QuerySet []>
<QuerySet []>
<QuerySet []>
<QuerySet []>
<QuerySet []>
<QuerySet []>
<QuerySet []>
<QuerySet []>
<QuerySet []>
<QuerySet []>
<QuerySet []>
Order col name date
Order col name date
>>>>>>>>> resultat {}
<QuerySet []>
<QuerySet []>
<QuerySet []>
<QuerySet []>
<QuerySet []>
<QuerySet []>
<QuerySet []>
<QuerySet []>
<QuerySet []>
<QuerySet []>
<QuerySet []>
<QuerySet []>
<QuerySet []>
<QuerySet []>
<QuerySet []>
<QuerySet []>
<QuerySet []>
<QuerySet []>
<QuerySet []>
<QuerySet []>
<QuerySet []>
<QuerySet []>
<QuerySet []>
<QuerySet []>
<QuerySet []>
<QuerySet []>
<QuerySet []>
<QuerySet []>
<QuerySet []>
<QuerySet []>
<QuerySet []>
<QuerySet []>
<QuerySet []>
<QuerySet []>
<QuerySet []>
<QuerySet []>
<QuerySet []>
<QuerySet []>
<QuerySet []>
<QuerySet []>
<QuerySet []>
<QuerySet []>
<QuerySet []>
<QuerySet []>
<QuerySet []>
<QuerySet []>
<QuerySet []>
<QuerySet []>
<QuerySet []>
<QuerySet []>
<QuerySet []>
<QuerySet []>
<QuerySet []>
<QuerySet []>
<QuerySet []>
<QuerySet []>
<QuerySet []>
<QuerySet []>
<QuerySet []>
<QuerySet []>
<QuerySet []>
<QuerySet []>
<QuerySet []>
<QuerySet []>
<QuerySet []>
<QuerySet []>
<QuerySet []>
<QuerySet []>
<QuerySet []>
<QuerySet []>
<QuerySet []>
<QuerySet []>
<QuerySet []>
<QuerySet []>
<QuerySet []>
<QuerySet []>
<QuerySet []>
Requesting worklist item with study id 1.2.410.200001.1.13010.2688288675.1.20260610.1091531991.668.1
WorklistItem with UID 1.2.410.200001.1.13010.2688288675.1.20260610.1091531991.668.1 not found
Requesting worklist item with study id 1.2.410.200001.1.13010.2688288675.1.20260610.1091531991.668.1
WorklistItem with UID 1.2.410.200001.1.13010.2688288675.1.20260610.1091531991.668.1 not found
Requesting worklist item with study id 1.2.410.200001.1.13010.2688288675.1.20260610.1091531991.668.1
WorklistItem with UID 1.2.410.200001.1.13010.2688288675.1.20260610.1091531991.668.1 not found
Requesting worklist item with study id 1.2.410.200001.1.13010.2688288675.1.20260610.1091531991.668.1
WorklistItem with UID 1.2.410.200001.1.13010.2688288675.1.20260610.1091531991.668.1 not found
Requesting worklist item with study id 1.2.410.200001.1.13010.2688288675.1.20260610.1091531991.668.1
WorklistItem with UID 1.2.410.200001.1.13010.2688288675.1.20260610.1091531991.668.1 not found
Requesting worklist item with study id 1.2.410.200001.1.13010.2688288675.1.20260610.1091531991.668.1
WorklistItem with UID 1.2.410.200001.1.13010.2688288675.1.20260610.1091531991.668.1 not found
Requesting worklist item with study id 1.2.410.200001.1.13010.2688288675.1.20260610.1091531991.668.1
WorklistItem with UID 1.2.410.200001.1.13010.2688288675.1.20260610.1091531991.668.1 not found
Requesting worklist item with study id 1.2.410.200001.1.13010.2688288675.1.20260610.1091531991.668.1
WorklistItem with UID 1.2.410.200001.1.13010.2688288675.1.20260610.1091531991.668.1 not found
Requesting worklist item with study id 1.2.410.200001.1.13010.2688288675.1.20260610.1091531991.668.1
WorklistItem with UID 1.2.410.200001.1.13010.2688288675.1.20260610.1091531991.668.1 not found
Requesting worklist item with study id 1.2.410.200001.1.13010.2688288675.1.20260610.1091531991.668.1
WorklistItem with UID 1.2.410.200001.1.13010.2688288675.1.20260610.1091531991.668.1 not found
Requesting worklist item with study id 1.2.410.200001.1.13010.2688288675.1.20260610.1091531991.668.1
WorklistItem with UID 1.2.410.200001.1.13010.2688288675.1.20260610.1091531991.668.1 not found
Requesting worklist item with study id 1.2.410.200001.1.13010.2688288675.1.20260610.1091531991.668.1
WorklistItem with UID 1.2.410.200001.1.13010.2688288675.1.20260610.1091531991.668.1 not found
Not Found: /worklists/image/
Not Found: /worklists/image/
Not Found: /worklists/image/
Not Found: /worklists/image/
Not Found: /worklists/image/
Not Found: /worklists/image/
Not Found: /worklists/image/
Not Found: /worklists/image/
Not Found: /worklists/image/
Not Found: /worklists/image/
Not Found: /worklists/image/
Not Found: /worklists/image/
Not Found: /worklists/image/
Not Found: /worklists/image/
Not Found: /worklists/image/
Not Found: /worklists/image/
Not Found: /worklists/image/
Not Found: /worklists/image/
Not Found: /worklists/image/
Not Found: /worklists/image/
Not Found: /worklists/image/
Not Found: /worklists/image/
Not Found: /worklists/image/
Not Found: /worklists/image/
Not Found: /worklists/image/
Not Found: /worklists/image/
Not Found: /worklists/image/
Not Found: /worklists/image/
Not Found: /worklists/image/
Not Found: /worklists/image/
Not Found: /worklists/image/
Not Found: /worklists/image/
Not Found: /worklists/image/
Not Found: /worklists/image/
Not Found: /worklists/image/
Not Found: /worklists/image/
Not Found: /worklists/image/
Not Found: /worklists/image/
Not Found: /worklists/image/
Not Found: /worklists/image/
Not Found: /worklists/image/
Not Found: /worklists/image/
Not Found: /worklists/image/
Not Found: /worklists/image/
Not Found: /worklists/image/
Not Found: /worklists/image/
Not Found: /worklists/image/
Not Found: /worklists/image/
Not Found: /worklists/image/
Not Found: /worklists/image/
Not Found: /worklists/image/
Not Found: /worklists/image/
Not Found: /worklists/image/
Not Found: /worklists/image/
Not Found: /worklists/image/
Not Found: /worklists/image/
Not Found: /worklists/image/
Not Found: /worklists/image/
Not Found: /worklists/image/
Not Found: /worklists/image/
Not Found: /worklists/image/
Not Found: /worklists/image/
Not Found: /worklists/image/
Not Found: /worklists/image/
Not Found: /worklists/image/
Invalid HTTP_HOST header: '129.121.75.225:8001'. You may need to add '129.121.75.225' to ALLOWED_HOSTS.
Traceback (most recent call last):
  File "/usr/local/lib/python3.9/site-packages/django/core/handlers/exception.py", line 55, in inner
    response = get_response(request)
  File "/usr/local/lib/python3.9/site-packages/django/utils/deprecation.py", line 133, in __call__
    response = self.process_request(request)
  File "/usr/local/lib/python3.9/site-packages/django/middleware/common.py", line 48, in process_request
    host = request.get_host()
  File "/usr/local/lib/python3.9/site-packages/django/http/request.py", line 150, in get_host
    raise DisallowedHost(msg)
django.core.exceptions.DisallowedHost: Invalid HTTP_HOST header: '129.121.75.225:8001'. You may need to add '129.121.75.225' to ALLOWED_HOSTS.
Invalid HTTP_HOST header: '129.121.75.225:8001'. You may need to add '129.121.75.225' to ALLOWED_HOSTS.
Traceback (most recent call last):
  File "/usr/local/lib/python3.9/site-packages/django/core/handlers/exception.py", line 55, in inner
    response = get_response(request)
  File "/usr/local/lib/python3.9/site-packages/django/utils/deprecation.py", line 133, in __call__
    response = self.process_request(request)
  File "/usr/local/lib/python3.9/site-packages/django/middleware/common.py", line 48, in process_request
    host = request.get_host()
  File "/usr/local/lib/python3.9/site-packages/django/http/request.py", line 150, in get_host
    raise DisallowedHost(msg)
django.core.exceptions.DisallowedHost: Invalid HTTP_HOST header: '129.121.75.225:8001'. You may need to add '129.121.75.225' to ALLOWED_HOSTS.
Not Found: /worklists/image/
Not Found: /worklists/image/
Not Found: /worklists/image/
Not Found: /worklists/image/
Not Found: /worklists/image/
Not Found: /worklists/image/
Not Found: /worklists/image/
Not Found: /worklists/image/
Not Found: /worklists/image/
Not Found: /worklists/image/
Not Found: /worklists/image/
WorklistItem with UID 1.2.410.200001.1.13010.2688288675.1.20260610.1091531991.668.1 not found
Requesting worklist item with study id 1.2.410.200001.1.13010.2688288675.1.20260610.1091531991.668.1
WorklistItem with UID 1.2.410.200001.1.13010.2688288675.1.20260610.1091531991.668.1 not found
Requesting worklist item with study id 1.2.410.200001.1.13010.2688288675.1.20260610.1091531991.668.1
WorklistItem with UID 1.2.410.200001.1.13010.2688288675.1.20260610.1091531991.668.1 not found
Requesting worklist item with study id 1.2.410.200001.1.13010.2688288675.1.20260610.1091531991.668.1
WorklistItem with UID 1.2.410.200001.1.13010.2688288675.1.20260610.1091531991.668.1 not found
Requesting worklist item with study id 1.2.410.200001.1.13010.2688288675.1.20260610.1091531991.668.1
WorklistItem with UID 1.2.410.200001.1.13010.2688288675.1.20260610.1091531991.668.1 not found
Requesting worklist item with study id 1.2.410.200001.1.13010.2688288675.1.20260610.1091531991.668.1
WorklistItem with UID 1.2.410.200001.1.13010.2688288675.1.20260610.1091531991.668.1 not found
Requesting worklist item with study id 1.2.410.200001.1.13010.2688288675.1.20260610.1091531991.668.1
WorklistItem with UID 1.2.410.200001.1.13010.2688288675.1.20260610.1091531991.668.1 not found
Requesting worklist item with study id 1.2.410.200001.1.13010.2688288675.1.20260610.1091531991.668.1
WorklistItem with UID 1.2.410.200001.1.13010.2688288675.1.20260610.1091531991.668.1 not found
Requesting worklist item with study id 1.2.410.200001.1.13010.2688288675.1.20260610.1091531991.668.1
WorklistItem with UID 1.2.410.200001.1.13010.2688288675.1.20260610.1091531991.668.1 not found
Requesting worklist item with study id 1.2.410.200001.1.13010.2688288675.1.20260610.1091531991.668.1
WorklistItem with UID 1.2.410.200001.1.13010.2688288675.1.20260610.1091531991.668.1 not found
Requesting worklist item with study id 1.2.410.200001.1.13010.2688288675.1.20260610.1091531991.668.1
WorklistItem with UID 1.2.410.200001.1.13010.2688288675.1.20260610.1091531991.668.1 not found
Requesting worklist item with study id 1.2.410.200001.1.13010.2688288675.1.20260610.1091531991.668.1
WorklistItem with UID 1.2.410.200001.1.13010.2688288675.1.20260610.1091531991.668.1 not found
Requesting worklist item with study id 1.2.410.200001.1.13010.2688288675.1.20260610.1091531991.668.1
WorklistItem with UID 1.2.410.200001.1.13010.2688288675.1.20260610.1091531991.668.1 not found
Requesting worklist item with study id 1.2.410.200001.1.13010.2688288675.1.20260610.1091531991.668.1
WorklistItem with UID 1.2.410.200001.1.13010.2688288675.1.20260610.1091531991.668.1 not found
Requesting worklist item with study id 1.2.410.200001.1.13010.2688288675.1.20260610.1100855090.526.1
WorklistItem with UID 1.2.410.200001.1.13010.2688288675.1.20260610.1100855090.526.1 not found
Requesting worklist item with study id 1.2.410.200001.1.13010.2688288675.1.20260610.1100855090.526.1
WorklistItem with UID 1.2.410.200001.1.13010.2688288675.1.20260610.1100855090.526.1 not found
<QuerySet []>
<QuerySet []>
<QuerySet []>
<QuerySet []>
<QuerySet []>
<QuerySet []>
<QuerySet []>
<QuerySet []>
<QuerySet []>
<QuerySet []>
<QuerySet []>
<QuerySet []>
<QuerySet []>
<QuerySet []>
<QuerySet []>
<QuerySet []>
<QuerySet []>
<QuerySet []>
<QuerySet []>
<QuerySet []>
Requesting worklist item with study id 1.2.410.200001.1.13010.2688288675.1.20260610.1103037315.362.1
WorklistItem with UID 1.2.410.200001.1.13010.2688288675.1.20260610.1103037315.362.1 not found
Requesting worklist item with study id 1.2.410.200001.1.13010.2688288675.1.20260610.1103037315.362.1
WorklistItem with UID 1.2.410.200001.1.13010.2688288675.1.20260610.1103037315.362.1 not found
<QuerySet []>
<QuerySet []>
<QuerySet []>
<QuerySet []>
<QuerySet []>
<QuerySet []>
<QuerySet []>
<QuerySet []>
<QuerySet []>
<QuerySet []>
<QuerySet []>
<QuerySet []>
<QuerySet []>
Requesting worklist item with study id 1.2.410.200001.1.13010.2688288675.1.20260610.1103037315.362.1
WorklistItem with UID 1.2.410.200001.1.13010.2688288675.1.20260610.1103037315.362.1 not found
<QuerySet []>
<QuerySet []>
<QuerySet []>
<QuerySet []>
<QuerySet []>
<QuerySet []>
<QuerySet []>
<QuerySet []>
<QuerySet []>
<QuerySet []>
<QuerySet []>
<QuerySet []>
Requesting worklist item with study id 1.2.410.200001.1.13010.2688288675.1.20260610.1103037315.362.1
WorklistItem with UID 1.2.410.200001.1.13010.2688288675.1.20260610.1103037315.362.1 not found
<QuerySet []>
<QuerySet []>
<QuerySet []>
<QuerySet []>
<QuerySet []>
<QuerySet []>
<QuerySet []>
<QuerySet []>
<QuerySet []>
Requesting worklist item with study id 1.2.410.200001.1.13010.2688288675.1.20260610.1103037315.362.1
WorklistItem with UID 1.2.410.200001.1.13010.2688288675.1.20260610.1103037315.362.1 not found
Requesting worklist item with study id 1.2.410.200001.1.13010.2688288675.1.20260610.1103037315.362.1
WorklistItem with UID 1.2.410.200001.1.13010.2688288675.1.20260610.1103037315.362.1 not found
<QuerySet []>
<QuerySet []>
<QuerySet []>
<QuerySet []>
Requesting worklist item with study id 1.2.410.200001.1.13010.2688288675.1.20260610.1103037315.362.1
WorklistItem with UID 1.2.410.200001.1.13010.2688288675.1.20260610.1103037315.362.1 not found
<QuerySet []>
<QuerySet []>
<QuerySet []>
<QuerySet []>
<QuerySet []>
<QuerySet []>
<QuerySet []>
<QuerySet []>
Requesting worklist item with study id 1.2.410.200001.1.13010.2688288675.1.20260610.1103037315.362.1
WorklistItem with UID 1.2.410.200001.1.13010.2688288675.1.20260610.1103037315.362.1 not found
Requesting worklist item with study id 1.2.410.200001.1.13010.2688288675.1.20260610.1103037315.362.1
WorklistItem with UID 1.2.410.200001.1.13010.2688288675.1.20260610.1103037315.362.1 not found
<QuerySet []>
<QuerySet []>
Requesting worklist item with study id 1.2.410.200001.1.13010.2688288675.1.20260610.1103037315.362.1
WorklistItem with UID 1.2.410.200001.1.13010.2688288675.1.20260610.1103037315.362.1 not found
Requesting worklist item with study id 1.2.410.200001.1.13010.2688288675.1.20260610.1103037315.362.1
WorklistItem with UID 1.2.410.200001.1.13010.2688288675.1.20260610.1103037315.362.1 not found
<QuerySet []>
<QuerySet []>
<QuerySet []>
<QuerySet []>
<QuerySet []>
<QuerySet []>
Requesting worklist item with study id 1.2.410.200001.1.13010.2688288675.1.20260610.1103037315.362.1
WorklistItem with UID 1.2.410.200001.1.13010.2688288675.1.20260610.1103037315.362.1 not found
<QuerySet []>
<QuerySet []>
<QuerySet []>
<QuerySet []>
<QuerySet []>
<QuerySet []>
<QuerySet []>
<QuerySet []>
<QuerySet []>
<QuerySet []>
<QuerySet []>
<QuerySet []>
<QuerySet []>
<QuerySet []>
<QuerySet []>
<QuerySet []>
<QuerySet []>
<QuerySet []>
<QuerySet []>
<QuerySet []>
<QuerySet []>
<QuerySet []>
<QuerySet []>
<QuerySet []>
<QuerySet []>
<QuerySet []>
<QuerySet []>
<QuerySet []>
<QuerySet []>
<QuerySet []>
<QuerySet []>
<QuerySet []>
<QuerySet []>
<QuerySet []>
<QuerySet []>
<QuerySet []>
Requesting worklist item with study id 1.2.410.200001.1.13010.2688288675.1.20260610.1112859822.604.1
WorklistItem with UID 1.2.410.200001.1.13010.2688288675.1.20260610.1112859822.604.1 not found
<QuerySet []>
<QuerySet []>
<QuerySet []>
<QuerySet []>
<QuerySet []>
<QuerySet []>
<QuerySet []>
<QuerySet []>
<QuerySet []>
<QuerySet []>
<QuerySet []>
<QuerySet []>
<QuerySet []>
<QuerySet []>
<QuerySet []>
<QuerySet []>
<QuerySet []>
<QuerySet []>
<QuerySet []>
<QuerySet []>
<QuerySet []>
<QuerySet []>
<QuerySet []>
<QuerySet []>
<QuerySet []>
<QuerySet []>
<QuerySet []>
<QuerySet []>
<QuerySet []>
<QuerySet []>
<QuerySet []>
Requesting worklist item with study id 1.2.410.200001.1.13010.2688288675.1.20260610.1114459394.825.1
WorklistItem with UID 1.2.410.200001.1.13010.2688288675.1.20260610.1114459394.825.1 not found
Requesting worklist item with study id 1.2.410.200001.1.13010.2688288675.1.20260610.1114459394.825.1
WorklistItem with UID 1.2.410.200001.1.13010.2688288675.1.20260610.1114459394.825.1 not found
Requesting worklist item with study id 1.2.410.200001.1.13010.2688288675.1.20260610.1114459394.825.1
WorklistItem with UID 1.2.410.200001.1.13010.2688288675.1.20260610.1114459394.825.1 not found
<QuerySet []>
<QuerySet []>
<QuerySet []>
<QuerySet []>
Not Found: /worklists/image/
Not Found: /worklists/image/
Not Found: /worklists/image/
Not Found: /worklists/image/
Not Found: /worklists/image/
WorklistItem with UID 1.2.410.200001.1.13010.2688288675.1.20260610.1091531991.668.1 not found
Requesting worklist item with study id 1.2.410.200001.1.13010.2688288675.1.20260610.1091531991.668.1
WorklistItem with UID 1.2.410.200001.1.13010.2688288675.1.20260610.1091531991.668.1 not found
Requesting worklist item with study id 1.2.410.200001.1.13010.2688288675.1.20260610.1091531991.668.1
WorklistItem with UID 1.2.410.200001.1.13010.2688288675.1.20260610.1091531991.668.1 not found
Requesting worklist item with study id 1.2.410.200001.1.13010.2688288675.1.20260610.1091531991.668.1
WorklistItem with UID 1.2.410.200001.1.13010.2688288675.1.20260610.1091531991.668.1 not found
Requesting worklist item with study id 1.2.410.200001.1.13010.2688288675.1.20260610.1091531991.668.1
WorklistItem with UID 1.2.410.200001.1.13010.2688288675.1.20260610.1091531991.668.1 not found
Requesting worklist item with study id 1.2.410.200001.1.13010.2688288675.1.20260610.1091531991.668.1
WorklistItem with UID 1.2.410.200001.1.13010.2688288675.1.20260610.1091531991.668.1 not found
Requesting worklist item with study id 1.2.410.200001.1.13010.2688288675.1.20260610.1091531991.668.1
WorklistItem with UID 1.2.410.200001.1.13010.2688288675.1.20260610.1091531991.668.1 not found
Requesting worklist item with study id 1.2.410.200001.1.13010.2688288675.1.20260610.1091531991.668.1
WorklistItem with UID 1.2.410.200001.1.13010.2688288675.1.20260610.1091531991.668.1 not found
Requesting worklist item with study id 1.2.410.200001.1.13010.2688288675.1.20260610.1100855090.526.1
WorklistItem with UID 1.2.410.200001.1.13010.2688288675.1.20260610.1100855090.526.1 not found
Requesting worklist item with study id 1.2.410.200001.1.13010.2688288675.1.20260610.1100855090.526.1
WorklistItem with UID 1.2.410.200001.1.13010.2688288675.1.20260610.1100855090.526.1 not found
<QuerySet []>
<QuerySet []>
<QuerySet []>
<QuerySet []>
<QuerySet []>
<QuerySet []>
<QuerySet []>
<QuerySet []>
<QuerySet []>
<QuerySet []>
<QuerySet []>
<QuerySet []>
<QuerySet []>
<QuerySet []>
<QuerySet []>
<QuerySet []>
<QuerySet []>
Requesting worklist item with study id 1.2.410.200001.1.13010.2688288675.1.20260610.1103037315.362.1
WorklistItem with UID 1.2.410.200001.1.13010.2688288675.1.20260610.1103037315.362.1 not found
Requesting worklist item with study id 1.2.410.200001.1.13010.2688288675.1.20260610.1103037315.362.1
WorklistItem with UID 1.2.410.200001.1.13010.2688288675.1.20260610.1103037315.362.1 not found
<QuerySet []>
<QuerySet []>
Requesting worklist item with study id 1.2.410.200001.1.13010.2688288675.1.20260610.1103037315.362.1
WorklistItem with UID 1.2.410.200001.1.13010.2688288675.1.20260610.1103037315.362.1 not found
<QuerySet []>
Requesting worklist item with study id 1.2.410.200001.1.13010.2688288675.1.20260610.1103037315.362.1
WorklistItem with UID 1.2.410.200001.1.13010.2688288675.1.20260610.1103037315.362.1 not found
<QuerySet []>
<QuerySet []>
<QuerySet []>
Requesting worklist item with study id 1.2.410.200001.1.13010.2688288675.1.20260610.1103037315.362.1
WorklistItem with UID 1.2.410.200001.1.13010.2688288675.1.20260610.1103037315.362.1 not found
<QuerySet []>
Requesting worklist item with study id 1.2.410.200001.1.13010.2688288675.1.20260610.1103037315.362.1
WorklistItem with UID 1.2.410.200001.1.13010.2688288675.1.20260610.1103037315.362.1 not found
<QuerySet []>
Requesting worklist item with study id 1.2.410.200001.1.13010.2688288675.1.20260610.1103037315.362.1
WorklistItem with UID 1.2.410.200001.1.13010.2688288675.1.20260610.1103037315.362.1 not found
<QuerySet []>
<QuerySet []>
<QuerySet []>
<QuerySet []>
Requesting worklist item with study id 1.2.410.200001.1.13010.2688288675.1.20260610.1103037315.362.1
WorklistItem with UID 1.2.410.200001.1.13010.2688288675.1.20260610.1103037315.362.1 not found
<QuerySet []>
<QuerySet []>
Requesting worklist item with study id 1.2.410.200001.1.13010.2688288675.1.20260610.1103037315.362.1
WorklistItem with UID 1.2.410.200001.1.13010.2688288675.1.20260610.1103037315.362.1 not found
<QuerySet []>
<QuerySet []>
<QuerySet []>
<QuerySet []>
<QuerySet []>
<QuerySet []>
<QuerySet []>
<QuerySet []>
<QuerySet []>
<QuerySet []>
Requesting worklist item with study id 1.2.410.200001.1.13010.2688288675.1.20260610.1103037315.362.1
WorklistItem with UID 1.2.410.200001.1.13010.2688288675.1.20260610.1103037315.362.1 not found
<QuerySet []>
Requesting worklist item with study id 1.2.410.200001.1.13010.2688288675.1.20260610.1103037315.362.1
WorklistItem with UID 1.2.410.200001.1.13010.2688288675.1.20260610.1103037315.362.1 not found
Requesting worklist item with study id 1.2.410.200001.1.13010.2688288675.1.20260610.1103037315.362.1
WorklistItem with UID 1.2.410.200001.1.13010.2688288675.1.20260610.1103037315.362.1 not found
Requesting worklist item with study id 1.2.410.200001.1.13010.2688288675.1.20260610.1103037315.362.1
WorklistItem with UID 1.2.410.200001.1.13010.2688288675.1.20260610.1103037315.362.1 not found
<QuerySet []>
Requesting worklist item with study id 1.2.410.200001.1.13010.2688288675.1.20260610.1103037315.362.1
WorklistItem with UID 1.2.410.200001.1.13010.2688288675.1.20260610.1103037315.362.1 not found
<QuerySet []>
<QuerySet []>
<QuerySet []>
<QuerySet []>
<QuerySet []>
<QuerySet []>
<QuerySet []>
<QuerySet []>
<QuerySet []>
<QuerySet []>
<QuerySet []>
<QuerySet []>
<QuerySet []>
<QuerySet []>
<QuerySet []>
<QuerySet []>
<QuerySet []>
<QuerySet []>
Requesting worklist item with study id 1.2.410.200001.1.13010.2688288675.1.20260610.1103037315.362.1
WorklistItem with UID 1.2.410.200001.1.13010.2688288675.1.20260610.1103037315.362.1 not found
<QuerySet []>
<QuerySet []>
<QuerySet []>
<QuerySet []>
<QuerySet []>
<QuerySet []>
<QuerySet []>
<QuerySet []>
<QuerySet []>
<QuerySet []>
<QuerySet []>
<QuerySet []>
<QuerySet []>
<QuerySet []>
<QuerySet []>
<QuerySet []>
<QuerySet []>
<QuerySet []>
<QuerySet []>
<QuerySet []>
<QuerySet []>
<QuerySet []>
<QuerySet []>
<QuerySet []>
<QuerySet []>
<QuerySet []>
<QuerySet []>
<QuerySet []>
<QuerySet []>
<QuerySet []>
<QuerySet []>
<QuerySet []>
<QuerySet []>
<QuerySet []>
<QuerySet []>
<QuerySet []>
<QuerySet []>
<QuerySet []>
<QuerySet []>
<QuerySet []>
Requesting worklist item with study id 1.2.410.200001.1.13010.2688288675.1.20260610.1112859822.604.1
WorklistItem with UID 1.2.410.200001.1.13010.2688288675.1.20260610.1112859822.604.1 not found
<QuerySet []>
Requesting worklist item with study id 1.2.410.200001.1.13010.2688288675.1.20260610.1112859822.604.1
WorklistItem with UID 1.2.410.200001.1.13010.2688288675.1.20260610.1112859822.604.1 not found
Requesting worklist item with study id 1.2.410.200001.1.13010.2688288675.1.20260610.1112859822.604.1
WorklistItem with UID 1.2.410.200001.1.13010.2688288675.1.20260610.1112859822.604.1 not found
<QuerySet []>
<QuerySet []>
<QuerySet []>
<QuerySet []>
<QuerySet []>
<QuerySet []>
<QuerySet []>
<QuerySet []>
<QuerySet []>
<QuerySet []>
<QuerySet []>
<QuerySet []>
<QuerySet []>
<QuerySet []>
<QuerySet []>
<QuerySet []>
<QuerySet []>
<QuerySet []>
<QuerySet []>
<QuerySet []>
<QuerySet []>
<QuerySet []>
<QuerySet []>
<QuerySet []>
<QuerySet []>
<QuerySet []>
<QuerySet []>
<QuerySet []>
<QuerySet []>
<QuerySet []>
<QuerySet []>
<QuerySet []>
<QuerySet []>
<QuerySet []>
<QuerySet []>
<QuerySet []>
<QuerySet []>
<QuerySet []>
<QuerySet []>
<QuerySet []>
<QuerySet []>
<QuerySet []>
<QuerySet []>
<QuerySet []>
<QuerySet []>
<QuerySet []>
Requesting worklist item with study id 1.2.410.200001.1.13010.2688288675.1.20260610.1114459394.825.1
WorklistItem with UID 1.2.410.200001.1.13010.2688288675.1.20260610.1114459394.825.1 not found
<QuerySet []>
<QuerySet []>
<QuerySet []>
<QuerySet []>
Requesting worklist item with study id 1.2.410.200001.1.13010.2688288675.1.20260610.1114459394.825.1
WorklistItem with UID 1.2.410.200001.1.13010.2688288675.1.20260610.1114459394.825.1 not found
<QuerySet []>
<QuerySet []>
<QuerySet []>
<QuerySet []>
Requesting worklist item with study id 1.2.410.200001.1.13010.2688288675.1.20260610.1114459394.825.1
WorklistItem with UID 1.2.410.200001.1.13010.2688288675.1.20260610.1114459394.825.1 not found
Not Found: /worklists/image/
Not Found: /worklists/image/
Not Found: /worklists/image/
Not Found: /worklists/image/
Not Found: /worklists/image/
Requesting worklist item with study id 1.2.410.200001.1.13010.2688288675.1.20260610.1091531991.668.1
WorklistItem with UID 1.2.410.200001.1.13010.2688288675.1.20260610.1091531991.668.1 not found
Requesting worklist item with study id 1.2.410.200001.1.13010.2688288675.1.20260610.1091531991.668.1
WorklistItem with UID 1.2.410.200001.1.13010.2688288675.1.20260610.1091531991.668.1 not found
Requesting worklist item with study id 1.2.410.200001.1.13010.2688288675.1.20260610.1091531991.668.1
WorklistItem with UID 1.2.410.200001.1.13010.2688288675.1.20260610.1091531991.668.1 not found
Requesting worklist item with study id 1.2.410.200001.1.13010.2688288675.1.20260610.1091531991.668.1
WorklistItem with UID 1.2.410.200001.1.13010.2688288675.1.20260610.1091531991.668.1 not found
Requesting worklist item with study id 1.2.410.200001.1.13010.2688288675.1.20260610.1091531991.668.1
WorklistItem with UID 1.2.410.200001.1.13010.2688288675.1.20260610.1091531991.668.1 not found
Requesting worklist item with study id 1.2.410.200001.1.13010.2688288675.1.20260610.1091531991.668.1
WorklistItem with UID 1.2.410.200001.1.13010.2688288675.1.20260610.1091531991.668.1 not found
Requesting worklist item with study id 1.2.410.200001.1.13010.2688288675.1.20260610.1100855090.526.1
WorklistItem with UID 1.2.410.200001.1.13010.2688288675.1.20260610.1100855090.526.1 not found
Requesting worklist item with study id 1.2.410.200001.1.13010.2688288675.1.20260610.1100855090.526.1
WorklistItem with UID 1.2.410.200001.1.13010.2688288675.1.20260610.1100855090.526.1 not found
>>>>>>>>> resultat {}
<QuerySet []>
<QuerySet []>
<QuerySet []>
<QuerySet []>
<QuerySet []>
<QuerySet []>
<QuerySet []>
<QuerySet []>
<QuerySet []>
<QuerySet []>
<QuerySet []>
<QuerySet []>
<QuerySet []>
<QuerySet []>
<QuerySet []>
<QuerySet []>
<QuerySet []>
<QuerySet []>
<QuerySet []>
<QuerySet []>
Requesting worklist item with study id 1.2.410.200001.1.13010.2688288675.1.20260610.1103037315.362.1
WorklistItem with UID 1.2.410.200001.1.13010.2688288675.1.20260610.1103037315.362.1 not found
Requesting worklist item with study id 1.2.410.200001.1.13010.2688288675.1.20260610.1103037315.362.1
WorklistItem with UID 1.2.410.200001.1.13010.2688288675.1.20260610.1103037315.362.1 not found
<QuerySet []>
<QuerySet []>
<QuerySet []>
<QuerySet []>
<QuerySet []>
<QuerySet []>
<QuerySet []>
Requesting worklist item with study id 1.2.410.200001.1.13010.2688288675.1.20260610.1103037315.362.1
WorklistItem with UID 1.2.410.200001.1.13010.2688288675.1.20260610.1103037315.362.1 not found
<QuerySet []>
<QuerySet []>
<QuerySet []>
<QuerySet []>
<QuerySet []>
Requesting worklist item with study id 1.2.410.200001.1.13010.2688288675.1.20260610.1103037315.362.1
WorklistItem with UID 1.2.410.200001.1.13010.2688288675.1.20260610.1103037315.362.1 not found
<QuerySet []>
<QuerySet []>
<QuerySet []>
<QuerySet []>
<QuerySet []>
<QuerySet []>
<QuerySet []>
<QuerySet []>
<QuerySet []>
<QuerySet []>
<QuerySet []>
Requesting worklist item with study id 1.2.410.200001.1.13010.2688288675.1.20260610.1103037315.362.1
WorklistItem with UID 1.2.410.200001.1.13010.2688288675.1.20260610.1103037315.362.1 not found
<QuerySet []>
<QuerySet []>
<QuerySet []>
Requesting worklist item with study id 1.2.410.200001.1.13010.2688288675.1.20260610.1103037315.362.1
WorklistItem with UID 1.2.410.200001.1.13010.2688288675.1.20260610.1103037315.362.1 not found
<QuerySet []>
<QuerySet []>
Requesting worklist item with study id 1.2.410.200001.1.13010.2688288675.1.20260610.1103037315.362.1
WorklistItem with UID 1.2.410.200001.1.13010.2688288675.1.20260610.1103037315.362.1 not found
<QuerySet []>
<QuerySet []>
<QuerySet []>
<QuerySet []>
<QuerySet []>
<QuerySet []>
<QuerySet []>
<QuerySet []>
<QuerySet []>
<QuerySet []>
<QuerySet []>
<QuerySet []>
<QuerySet []>
<QuerySet []>
Requesting worklist item with study id 1.2.410.200001.1.13010.2688288675.1.20260610.1103037315.362.1
WorklistItem with UID 1.2.410.200001.1.13010.2688288675.1.20260610.1103037315.362.1 not found
<QuerySet []>
<QuerySet []>
Requesting worklist item with study id 1.2.410.200001.1.13010.2688288675.1.20260610.1103037315.362.1
WorklistItem with UID 1.2.410.200001.1.13010.2688288675.1.20260610.1103037315.362.1 not found
Requesting worklist item with study id 1.2.410.200001.1.13010.2688288675.1.20260610.1103037315.362.1
WorklistItem with UID 1.2.410.200001.1.13010.2688288675.1.20260610.1103037315.362.1 not found
<QuerySet []>
<QuerySet []>
<QuerySet []>
<QuerySet []>
<QuerySet []>
<QuerySet []>
<QuerySet []>
<QuerySet []>
<QuerySet []>
<QuerySet []>
Requesting worklist item with study id 1.2.410.200001.1.13010.2688288675.1.20260610.1103037315.362.1
WorklistItem with UID 1.2.410.200001.1.13010.2688288675.1.20260610.1103037315.362.1 not found
<QuerySet []>
<QuerySet []>
<QuerySet []>
<QuerySet []>
<QuerySet []>
<QuerySet []>
<QuerySet []>
<QuerySet []>
<QuerySet []>
<QuerySet []>
<QuerySet []>
<QuerySet []>
Requesting worklist item with study id 1.2.410.200001.1.13010.2688288675.1.20260610.1103037315.362.1
WorklistItem with UID 1.2.410.200001.1.13010.2688288675.1.20260610.1103037315.362.1 not found
<QuerySet []>
<QuerySet []>
<QuerySet []>
<QuerySet []>
<QuerySet []>
<QuerySet []>
<QuerySet []>
<QuerySet []>
<QuerySet []>
<QuerySet []>
<QuerySet []>
<QuerySet []>
<QuerySet []>
<QuerySet []>
<QuerySet []>
Requesting worklist item with study id 1.2.410.200001.1.13010.2688288675.1.20260610.1112859822.604.1
WorklistItem with UID 1.2.410.200001.1.13010.2688288675.1.20260610.1112859822.604.1 not found
<QuerySet []>
<QuerySet []>
<QuerySet []>
Requesting worklist item with study id 1.2.410.200001.1.13010.2688288675.1.20260610.1112859822.604.1
WorklistItem with UID 1.2.410.200001.1.13010.2688288675.1.20260610.1112859822.604.1 not found
Requesting worklist item with study id 1.2.410.200001.1.13010.2688288675.1.20260610.1112859822.604.1
WorklistItem with UID 1.2.410.200001.1.13010.2688288675.1.20260610.1112859822.604.1 not found
<QuerySet []>
<QuerySet []>
<QuerySet []>
<QuerySet []>
<QuerySet []>
<QuerySet []>
<QuerySet []>
<QuerySet []>
<QuerySet []>
<QuerySet []>
<QuerySet []>
<QuerySet []>
<QuerySet []>
<QuerySet []>
<QuerySet []>
<QuerySet []>
<QuerySet []>
<QuerySet []>
<QuerySet []>
<QuerySet []>
<QuerySet []>
<QuerySet []>
<QuerySet []>
<QuerySet []>
<QuerySet []>
<QuerySet []>
<QuerySet []>
<QuerySet []>
Requesting worklist item with study id 1.2.410.200001.1.13010.2688288675.1.20260610.1114459394.825.1
WorklistItem with UID 1.2.410.200001.1.13010.2688288675.1.20260610.1114459394.825.1 not found
Requesting worklist item with study id 1.2.410.200001.1.13010.2688288675.1.20260610.1114459394.825.1
WorklistItem with UID 1.2.410.200001.1.13010.2688288675.1.20260610.1114459394.825.1 not found
Requesting worklist item with study id 1.2.410.200001.1.13010.2688288675.1.20260610.1114459394.825.1
WorklistItem with UID 1.2.410.200001.1.13010.2688288675.1.20260610.1114459394.825.1 not found
Requesting worklist item with study id 1.2.410.200001.1.13010.2688288675.1.20260610.1114459394.825.1
WorklistItem with UID 1.2.410.200001.1.13010.2688288675.1.20260610.1114459394.825.1 not found
Requesting worklist item with study id 1.2.410.200001.1.13010.2688288675.1.20260610.1114459394.825.1
WorklistItem with UID 1.2.410.200001.1.13010.2688288675.1.20260610.1114459394.825.1 not found
<QuerySet []>
<QuerySet []>
<QuerySet []>
<QuerySet []>
<QuerySet []>
<QuerySet []>
<QuerySet []>
<QuerySet []>
<QuerySet []>
<QuerySet []>
<QuerySet []>
<QuerySet []>
<QuerySet []>
<QuerySet []>
<QuerySet []>
<QuerySet []>
<QuerySet []>
Requesting worklist item with study id 1.2.410.200001.1.13010.2688288675.1.20260610.1114459394.825.1
WorklistItem with UID 1.2.410.200001.1.13010.2688288675.1.20260610.1114459394.825.1 not found
Requesting worklist item with study id 1.2.410.200001.1.13010.2688288675.1.20260610.1114459394.825.1
WorklistItem with UID 1.2.410.200001.1.13010.2688288675.1.20260610.1114459394.825.1 not found
<QuerySet []>
<QuerySet []>
<QuerySet []>
<QuerySet []>
<QuerySet []>
Requesting worklist item with study id 1.2.410.200001.1.13010.2688288675.1.20260610.1114459394.825.1
Not Found: /worklists/image/
Not Found: /worklists/image/
Not Found: /worklists/image/
Not Found: /worklists/image/
Not Found: /worklists/image/
Not Found: /worklists/image/
Not Found: /worklists/image/
Not Found: /worklists/image/
Not Found: /worklists/image/
Not Found: /worklists/image/
Not Found: /worklists/image/
Not Found: /worklists/image/
Not Found: /worklists/image/
Not Found: /worklists/image/
Not Found: /worklists/image/
Invalid HTTP_HOST header: '129.121.75.225:8001'. You may need to add '129.121.75.225' to ALLOWED_HOSTS.
Traceback (most recent call last):
  File "/usr/local/lib/python3.9/site-packages/django/core/handlers/exception.py", line 55, in inner
    response = get_response(request)
  File "/usr/local/lib/python3.9/site-packages/django/utils/deprecation.py", line 133, in __call__
    response = self.process_request(request)
  File "/usr/local/lib/python3.9/site-packages/django/middleware/common.py", line 48, in process_request
    host = request.get_host()
  File "/usr/local/lib/python3.9/site-packages/django/http/request.py", line 150, in get_host
    raise DisallowedHost(msg)
django.core.exceptions.DisallowedHost: Invalid HTTP_HOST header: '129.121.75.225:8001'. You may need to add '129.121.75.225' to ALLOWED_HOSTS.
Invalid HTTP_HOST header: '129.121.75.225:8001'. You may need to add '129.121.75.225' to ALLOWED_HOSTS.
Traceback (most recent call last):
  File "/usr/local/lib/python3.9/site-packages/django/core/handlers/exception.py", line 55, in inner
    response = get_response(request)
  File "/usr/local/lib/python3.9/site-packages/django/utils/deprecation.py", line 133, in __call__
    response = self.process_request(request)
  File "/usr/local/lib/python3.9/site-packages/django/middleware/common.py", line 48, in process_request
    host = request.get_host()
  File "/usr/local/lib/python3.9/site-packages/django/http/request.py", line 150, in get_host
    raise DisallowedHost(msg)
django.core.exceptions.DisallowedHost: Invalid HTTP_HOST header: '129.121.75.225:8001'. You may need to add '129.121.75.225' to ALLOWED_HOSTS.
[2026-06-10 12:27:27 +0100] [1296693] [WARNING] Invalid request from ip=66.132.186.169: Invalid HTTP Version: (2, 0)
Not Found: /worklists/image/
Invalid HTTP_HOST header: '129.121.75.225:8001'. You may need to add '129.121.75.225' to ALLOWED_HOSTS.
Traceback (most recent call last):
  File "/usr/local/lib/python3.9/site-packages/django/core/handlers/exception.py", line 55, in inner
    response = get_response(request)
  File "/usr/local/lib/python3.9/site-packages/django/utils/deprecation.py", line 133, in __call__
    response = self.process_request(request)
  File "/usr/local/lib/python3.9/site-packages/django/middleware/common.py", line 48, in process_request
    host = request.get_host()
  File "/usr/local/lib/python3.9/site-packages/django/http/request.py", line 150, in get_host
    raise DisallowedHost(msg)
django.core.exceptions.DisallowedHost: Invalid HTTP_HOST header: '129.121.75.225:8001'. You may need to add '129.121.75.225' to ALLOWED_HOSTS.
Not Found: /worklists/image/
Not Found: /worklists/image/
Not Found: /worklists/image/
Not Found: /worklists/image/
Not Found: /worklists/image/
Requesting worklist item with study id 1.2.410.200001.1.13010.2688288675.1.20260610.1100855090.526.1
WorklistItem with UID 1.2.410.200001.1.13010.2688288675.1.20260610.1100855090.526.1 not found
<QuerySet []>
<QuerySet []>
<QuerySet []>
<QuerySet []>
<QuerySet []>
<QuerySet []>
<QuerySet []>
<QuerySet []>
<QuerySet []>
<QuerySet []>
<QuerySet []>
Requesting worklist item with study id 1.2.410.200001.1.13010.2688288675.1.20260610.1103037315.362.1
WorklistItem with UID 1.2.410.200001.1.13010.2688288675.1.20260610.1103037315.362.1 not found
Requesting worklist item with study id 1.2.410.200001.1.13010.2688288675.1.20260610.1103037315.362.1
WorklistItem with UID 1.2.410.200001.1.13010.2688288675.1.20260610.1103037315.362.1 not found
<QuerySet []>
Requesting worklist item with study id 1.2.410.200001.1.13010.2688288675.1.20260610.1103037315.362.1
WorklistItem with UID 1.2.410.200001.1.13010.2688288675.1.20260610.1103037315.362.1 not found
<QuerySet []>
<QuerySet []>
<QuerySet []>
<QuerySet []>
Requesting worklist item with study id 1.2.410.200001.1.13010.2688288675.1.20260610.1103037315.362.1
WorklistItem with UID 1.2.410.200001.1.13010.2688288675.1.20260610.1103037315.362.1 not found
<QuerySet []>
<QuerySet []>
<QuerySet []>
<QuerySet []>
Requesting worklist item with study id 1.2.410.200001.1.13010.2688288675.1.20260610.1103037315.362.1
WorklistItem with UID 1.2.410.200001.1.13010.2688288675.1.20260610.1103037315.362.1 not found
<QuerySet []>
<QuerySet []>
<QuerySet []>
<QuerySet []>
<QuerySet []>
<QuerySet []>
<QuerySet []>
<QuerySet []>
<QuerySet []>
<QuerySet []>
Requesting worklist item with study id 1.2.410.200001.1.13010.2688288675.1.20260610.1103037315.362.1
WorklistItem with UID 1.2.410.200001.1.13010.2688288675.1.20260610.1103037315.362.1 not found
<QuerySet []>
<QuerySet []>
<QuerySet []>
Requesting worklist item with study id 1.2.410.200001.1.13010.2688288675.1.20260610.1103037315.362.1
WorklistItem with UID 1.2.410.200001.1.13010.2688288675.1.20260610.1103037315.362.1 not found
<QuerySet []>
<QuerySet []>
<QuerySet []>
<QuerySet []>
<QuerySet []>
<QuerySet []>
Requesting worklist item with study id 1.2.410.200001.1.13010.2688288675.1.20260610.1103037315.362.1
WorklistItem with UID 1.2.410.200001.1.13010.2688288675.1.20260610.1103037315.362.1 not found
Requesting worklist item with study id 1.2.410.200001.1.13010.2688288675.1.20260610.1103037315.362.1
WorklistItem with UID 1.2.410.200001.1.13010.2688288675.1.20260610.1103037315.362.1 not found
Requesting worklist item with study id 1.2.410.200001.1.13010.2688288675.1.20260610.1103037315.362.1
WorklistItem with UID 1.2.410.200001.1.13010.2688288675.1.20260610.1103037315.362.1 not found
<QuerySet []>
<QuerySet []>
<QuerySet []>
<QuerySet []>
Requesting worklist item with study id 1.2.410.200001.1.13010.2688288675.1.20260610.1103037315.362.1
WorklistItem with UID 1.2.410.200001.1.13010.2688288675.1.20260610.1103037315.362.1 not found
<QuerySet []>
Requesting worklist item with study id 1.2.410.200001.1.13010.2688288675.1.20260610.1103037315.362.1
WorklistItem with UID 1.2.410.200001.1.13010.2688288675.1.20260610.1103037315.362.1 not found
<QuerySet []>
<QuerySet []>
<QuerySet []>
<QuerySet []>
<QuerySet []>
<QuerySet []>
Requesting worklist item with study id 1.2.410.200001.1.13010.2688288675.1.20260610.1103037315.362.1
WorklistItem with UID 1.2.410.200001.1.13010.2688288675.1.20260610.1103037315.362.1 not found
<QuerySet []>
<QuerySet []>
Requesting worklist item with study id 1.2.410.200001.1.13010.2688288675.1.20260610.1103037315.362.1
WorklistItem with UID 1.2.410.200001.1.13010.2688288675.1.20260610.1103037315.362.1 not found
<QuerySet []>
<QuerySet []>
Requesting worklist item with study id 1.2.410.200001.1.13010.2688288675.1.20260610.1103037315.362.1
WorklistItem with UID 1.2.410.200001.1.13010.2688288675.1.20260610.1103037315.362.1 not found
Requesting worklist item with study id 1.2.410.200001.1.13010.2688288675.1.20260610.1103037315.362.1
WorklistItem with UID 1.2.410.200001.1.13010.2688288675.1.20260610.1103037315.362.1 not found
<QuerySet []>
<QuerySet []>
<QuerySet []>
<QuerySet []>
<QuerySet []>
<QuerySet []>
<QuerySet []>
<QuerySet []>
<QuerySet []>
<QuerySet []>
<QuerySet []>
<QuerySet []>
<QuerySet []>
<QuerySet []>
<QuerySet []>
<QuerySet []>
<QuerySet []>
<QuerySet []>
<QuerySet []>
<QuerySet []>
<QuerySet []>
<QuerySet []>
<QuerySet []>
<QuerySet []>
<QuerySet []>
<QuerySet []>
<QuerySet []>
<QuerySet []>
<QuerySet []>
<QuerySet []>
<QuerySet []>
Requesting worklist item with study id 1.2.410.200001.1.13010.2688288675.1.20260610.1112859822.604.1
WorklistItem with UID 1.2.410.200001.1.13010.2688288675.1.20260610.1112859822.604.1 not found
<QuerySet []>
<QuerySet []>
<QuerySet []>
<QuerySet []>
Requesting worklist item with study id 1.2.410.200001.1.13010.2688288675.1.20260610.1112859822.604.1
WorklistItem with UID 1.2.410.200001.1.13010.2688288675.1.20260610.1112859822.604.1 not found
<QuerySet []>
<QuerySet []>
<QuerySet []>
<QuerySet []>
<QuerySet []>
<QuerySet []>
<QuerySet []>
<QuerySet []>
<QuerySet []>
<QuerySet []>
<QuerySet []>
<QuerySet []>
<QuerySet []>
<QuerySet []>
<QuerySet []>
Requesting worklist item with study id 1.2.410.200001.1.13010.2688288675.1.20260610.1114459394.825.1
WorklistItem with UID 1.2.410.200001.1.13010.2688288675.1.20260610.1114459394.825.1 not found
<QuerySet []>
<QuerySet []>
<QuerySet []>
<QuerySet []>
<QuerySet []>
<QuerySet []>
<QuerySet []>
<QuerySet []>
<QuerySet []>
<QuerySet []>
<QuerySet []>
<QuerySet []>
<QuerySet []>
Requesting worklist item with study id 1.2.410.200001.1.13010.2688288675.1.20260610.1114459394.825.1
WorklistItem with UID 1.2.410.200001.1.13010.2688288675.1.20260610.1114459394.825.1 not found
<QuerySet []>
<QuerySet []>
<QuerySet []>
<QuerySet []>
<QuerySet []>
<QuerySet []>
<QuerySet []>
<QuerySet []>
<QuerySet []>
Requesting worklist item with study id 1.2.410.200001.1.13010.2688288675.1.20260610.1114459394.825.1
WorklistItem with UID 1.2.410.200001.1.13010.2688288675.1.20260610.1114459394.825.1 not found
<QuerySet []>
<QuerySet []>
<QuerySet []>
<QuerySet []>
<QuerySet []>
<QuerySet []>
<QuerySet []>
Requesting worklist item with study id 1.2.410.200001.1.13010.2688288675.1.20260610.1114459394.825.1
WorklistItem with UID 1.2.410.200001.1.13010.2688288675.1.20260610.1114459394.825.1 not found
<QuerySet []>
<QuerySet []>
Requesting worklist item with study id 1.2.410.200001.1.13010.2688288675.1.20260610.1114459394.825.1
WorklistItem with UID 1.2.410.200001.1.13010.2688288675.1.20260610.1114459394.825.1 not found
<QuerySet []>
<QuerySet []>
<QuerySet []>
<QuerySet []>
Requesting worklist item with study id 1.2.410.200001.1.13010.2688288675.1.20260610.1114459394.825.1
WorklistItem with UID 1.2.410.200001.1.13010.2688288675.1.20260610.1114459394.825.1 not found
<QuerySet []>
<QuerySet []>
Requesting worklist item with study id 1.2.410.200001.1.13010.2688288675.1.20260610.1114459394.825.1
WorklistItem with UID 1.2.410.200001.1.13010.2688288675.1.20260610.1114459394.825.1 not found
<QuerySet []>
Requesting worklist item with study id 1.2.410.200001.1.13010.2688288675.1.20260610.1114459394.825.1
WorklistItem with UID 1.2.410.200001.1.13010.2688288675.1.20260610.1114459394.825.1 not found
<QuerySet []>
<QuerySet []>
<QuerySet []>
<QuerySet []>
<QuerySet []>
<QuerySet []>
<QuerySet []>
Requesting worklist item with study id 1.2.410.200001.1.13010.2688288675.1.20260610.1114459394.825.1
WorklistItem with UID 1.2.410.200001.1.13010.2688288675.1.20260610.1114459394.825.1 not found
Requesting worklist item with study id 1.2.410.200001.1.13010.2688288675.1.20260610.1114459394.825.1
WorklistItem with UID 1.2.410.200001.1.13010.2688288675.1.20260610.1114459394.825.1 not found
<QuerySet []>
<QuerySet []>
Requesting worklist item with study id 1.2.410.200001.1.13010.2688288675.1.20260610.1114459394.825.1
WorklistItem with UID 1.2.410.200001.1.13010.2688288675.1.20260610.1114459394.825.1 not found
<QuerySet []>
<QuerySet []>
<QuerySet []>
<QuerySet []>
<QuerySet []>
<QuerySet []>
Requesting worklist item with study id 1.2.410.200001.1.13010.2688288675.1.20260610.1114459394.825.1
Not Found: /worklists/image/
Not Found: /worklists/image/
Not Found: /worklists/image/
Not Found: /worklists/image/
Not Found: /worklists/image/
Not Found: /worklists/image/
Not Found: /worklists/image/
Not Found: /worklists/image/
Not Found: /worklists/image/
Not Found: /worklists/image/
Not Found: /worklists/image/
Not Found: /worklists/image/
Not Found: /worklists/image/
Not Found: /worklists/image/
Not Found: /worklists/image/
Not Found: /worklists/image/
Not Found: /worklists/image/
Not Found: /worklists/image/
Not Found: /worklists/image/
Not Found: /worklists/image/
Not Found: /worklists/image/
Not Found: /worklists/image/
Not Found: /worklists/image/
Not Found: /worklists/image/
Not Found: /worklists/image/
Not Found: /worklists/image/
Not Found: /worklists/image/
Not Found: /worklists/image/
Not Found: /worklists/image/
Not Found: /worklists/image/
Not Found: /worklists/image/
Not Found: /worklists/image/
Not Found: /worklists/image/
Not Found: /worklists/image/
Not Found: /worklists/image/
Not Found: /worklists/image/
Not Found: /worklists/image/
Not Found: /worklists/image/
Not Found: /worklists/image/
Not Found: /worklists/image/
Not Found: /worklists/image/
Not Found: /worklists/image/
Not Found: /worklists/image/
Not Found: /worklists/image/
Not Found: /worklists/image/
Not Found: /worklists/image/
Not Found: /worklists/image/
Not Found: /worklists/image/
Not Found: /worklists/image/
Not Found: /worklists/image/
Not Found: /worklists/image/
Not Found: /worklists/image/
Not Found: /worklists/image/
Not Found: /worklists/image/
Not Found: /worklists/image/
Not Found: /worklists/image/
Not Found: /worklists/image/
Not Found: /worklists/image/
Not Found: /worklists/image/
Not Found: /worklists/image/
Not Found: /worklists/image/
Not Found: /worklists/image/
Not Found: /worklists/image/
Not Found: /worklists/image/
Not Found: /worklists/image/
Not Found: /worklists/image/
Not Found: /worklists/image/
Not Found: /worklists/image/
Not Found: /worklists/image/
Not Found: /worklists/image/
Not Found: /worklists/image/
Not Found: /worklists/image/
Not Found: /worklists/image/
Not Found: /worklists/image/
Not Found: /worklists/image/
Not Found: /worklists/image/
Not Found: /worklists/image/
Not Found: /worklists/image/
Not Found: /worklists/image/
Not Found: /worklists/image/
Not Found: /worklists/image/
Not Found: /worklists/image/
Not Found: /worklists/image/
Not Found: /worklists/image/
Not Found: /worklists/image/
Not Found: /worklists/image/
Not Found: /worklists/image/
Not Found: /worklists/image/
Not Found: /worklists/image/
Not Found: /worklists/image/
Not Found: /worklists/image/
Not Found: /worklists/image/
Not Found: /worklists/image/
Not Found: /worklists/image/
Not Found: /worklists/image/
Not Found: /worklists/image/
Not Found: /worklists/image/
Not Found: /worklists/image/
Not Found: /worklists/image/
Not Found: /worklists/image/
Not Found: /worklists/image/
Not Found: /worklists/image/
Not Found: /worklists/image/
Not Found: /worklists/image/
Not Found: /worklists/image/
Not Found: /worklists/image/
Not Found: /worklists/image/
Not Found: /worklists/image/
Not Found: /worklists/image/
Not Found: /worklists/image/
Not Found: /worklists/image/
Not Found: /worklists/image/
Not Found: /worklists/image/
Not Found: /worklists/image/
Requesting worklist item with study id 1.2.410.200001.1.13010.2688288675.1.20260610.1114459394.825.1
WorklistItem with UID 1.2.410.200001.1.13010.2688288675.1.20260610.1114459394.825.1 not found
<QuerySet []>
<QuerySet []>
<QuerySet []>
Requesting worklist item with study id 1.2.410.200001.1.13010.2688288675.1.20260610.1114459394.825.1
WorklistItem with UID 1.2.410.200001.1.13010.2688288675.1.20260610.1114459394.825.1 not found
<QuerySet []>
<QuerySet []>
<QuerySet []>
<QuerySet []>
<QuerySet []>
<QuerySet []>
<QuerySet []>
<QuerySet []>
<QuerySet []>
<QuerySet []>
<QuerySet []>
<QuerySet []>
<QuerySet []>
<QuerySet []>
<QuerySet []>
<QuerySet []>
<QuerySet []>
<QuerySet []>
<QuerySet []>
<QuerySet []>
<QuerySet []>
<QuerySet []>
<QuerySet []>
<QuerySet []>
<QuerySet []>
<QuerySet []>
<QuerySet []>
<QuerySet []>
<QuerySet []>
<QuerySet []>
Requesting worklist item with study id 1.2.410.200001.1.13010.2688288675.1.20260610.1114459394.825.1
WorklistItem with UID 1.2.410.200001.1.13010.2688288675.1.20260610.1114459394.825.1 not found
<QuerySet []>
<QuerySet []>
<QuerySet []>
<QuerySet []>
<QuerySet []>
<QuerySet []>
<QuerySet []>
<QuerySet []>
<QuerySet []>
<QuerySet []>
<QuerySet []>
<QuerySet []>
<QuerySet []>
<QuerySet []>
<QuerySet []>
<QuerySet []>
Requesting worklist item with study id 1.2.410.200001.1.13010.2688288675.1.20260610.1114459394.825.1
WorklistItem with UID 1.2.410.200001.1.13010.2688288675.1.20260610.1114459394.825.1 not found
Requesting worklist item with study id 1.2.410.200001.1.13010.2688288675.1.20260610.1114459394.825.1
WorklistItem with UID 1.2.410.200001.1.13010.2688288675.1.20260610.1114459394.825.1 not found
<QuerySet []>
<QuerySet []>
Requesting worklist item with study id 1.2.410.200001.1.13010.2688288675.1.20260610.1114459394.825.1
WorklistItem with UID 1.2.410.200001.1.13010.2688288675.1.20260610.1114459394.825.1 not found
<QuerySet []>
<QuerySet []>
<QuerySet []>
<QuerySet []>
Requesting worklist item with study id 1.2.410.200001.1.13010.2688288675.1.20260610.1114459394.825.1
WorklistItem with UID 1.2.410.200001.1.13010.2688288675.1.20260610.1114459394.825.1 not found
Requesting worklist item with study id 1.2.410.200001.1.13010.2688288675.1.20260610.1114459394.825.1
WorklistItem with UID 1.2.410.200001.1.13010.2688288675.1.20260610.1114459394.825.1 not found
Requesting worklist item with study id 1.2.410.200001.1.13010.2688288675.1.20260610.1114459394.825.1
WorklistItem with UID 1.2.410.200001.1.13010.2688288675.1.20260610.1114459394.825.1 not found
Requesting worklist item with study id 1.2.410.200001.1.13010.2688288675.1.20260610.1114459394.825.1
WorklistItem with UID 1.2.410.200001.1.13010.2688288675.1.20260610.1114459394.825.1 not found
<QuerySet []>
<QuerySet []>
<QuerySet []>
<QuerySet []>
<QuerySet []>
<QuerySet []>
<QuerySet []>
<QuerySet []>
<QuerySet []>
<QuerySet []>
<QuerySet []>
<QuerySet []>
<QuerySet []>
<QuerySet []>
<QuerySet []>
<QuerySet []>
<QuerySet []>
<QuerySet []>
<QuerySet []>
<QuerySet []>
<QuerySet []>
<QuerySet []>
<QuerySet []>
<QuerySet []>
<QuerySet []>
<QuerySet []>
<QuerySet []>
<QuerySet []>
<QuerySet []>
<QuerySet []>
<QuerySet []>
<QuerySet []>
<QuerySet []>
<QuerySet []>
<QuerySet []>
<QuerySet []>
<QuerySet []>
<QuerySet []>
<QuerySet []>
<QuerySet []>
<QuerySet []>
Requesting worklist item with study id 1.2.410.200001.1.13010.2688288675.1.20260610.1130641356.419.1
WorklistItem with UID 1.2.410.200001.1.13010.2688288675.1.20260610.1130641356.419.1 not found
Requesting worklist item with study id 1.2.410.200001.1.13010.2688288675.1.20260610.1130641356.419.1
WorklistItem with UID 1.2.410.200001.1.13010.2688288675.1.20260610.1130641356.419.1 not found
Requesting worklist item with study id 1.2.410.200001.1.13010.2688288675.1.20260610.1130641356.419.1
WorklistItem with UID 1.2.410.200001.1.13010.2688288675.1.20260610.1130641356.419.1 not found
Requesting worklist item with study id 1.2.410.200001.1.13010.2688288675.1.20260610.1130641356.419.1
WorklistItem with UID 1.2.410.200001.1.13010.2688288675.1.20260610.1130641356.419.1 not found
Requesting worklist item with study id 1.2.410.200001.1.13010.2688288675.1.20260610.1130641356.419.1
WorklistItem with UID 1.2.410.200001.1.13010.2688288675.1.20260610.1130641356.419.1 not found
Requesting worklist item with study id 1.2.410.200001.1.13010.2688288675.1.20260610.1130641356.419.1
WorklistItem with UID 1.2.410.200001.1.13010.2688288675.1.20260610.1130641356.419.1 not found
Requesting worklist item with study id 1.2.410.200001.1.13010.2688288675.1.20260610.1130641356.419.1
WorklistItem with UID 1.2.410.200001.1.13010.2688288675.1.20260610.1130641356.419.1 not found
Requesting worklist item with study id 1.2.410.200001.1.13010.2688288675.1.20260610.1130641356.419.1
WorklistItem with UID 1.2.410.200001.1.13010.2688288675.1.20260610.1130641356.419.1 not found
Requesting worklist item with study id 1.2.410.200001.1.13010.2688288675.1.20260610.1130641356.419.1
WorklistItem with UID 1.2.410.200001.1.13010.2688288675.1.20260610.1130641356.419.1 not found
Requesting worklist item with study id 1.2.410.200001.1.13010.2688288675.1.20260610.1135857223.112.1
WorklistItem with UID 1.2.410.200001.1.13010.2688288675.1.20260610.1135857223.112.1 not found
Requesting worklist item with study id 1.2.410.200001.1.13010.2688288675.1.20260610.1142406168.625.1
WorklistItem with UID 1.2.410.200001.1.13010.2688288675.1.20260610.1142406168.625.1 not found
Requesting worklist item with study id 1.2.410.200001.1.13010.2688288675.1.20260610.1142406168.625.1
WorklistItem with UID 1.2.410.200001.1.13010.2688288675.1.20260610.1142406168.625.1 not found
Requesting worklist item with study id 1.2.410.200001.1.13010.2688288675.1.20260610.1142406168.625.1
WorklistItem with UID 1.2.410.200001.1.13010.2688288675.1.20260610.1142406168.625.1 not found
Requesting worklist item with study id 1.2.410.200001.1.13010.2688288675.1.20260610.1142406168.625.1
WorklistItem with UID 1.2.410.200001.1.13010.2688288675.1.20260610.1142406168.625.1 not found
Requesting worklist item with study id 1.2.410.200001.1.13010.2688288675.1.20260610.1142406168.625.1
WorklistItem with UID 1.2.410.200001.1.13010.2688288675.1.20260610.1142406168.625.1 not found
Requesting worklist item with study id 1.2.410.200001.1.13010.2688288675.1.20260610.1142406168.625.1
WorklistItem with UID 1.2.410.200001.1.13010.2688288675.1.20260610.1142406168.625.1 not found
Requesting worklist item with study id 1.2.410.200001.1.13010.2688288675.1.20260610.1142406168.625.1
WorklistItem with UID 1.2.410.200001.1.13010.2688288675.1.20260610.1142406168.625.1 not found
Requesting worklist item with study id 1.2.410.200001.1.13010.2688288675.1.20260610.1142406168.625.1
WorklistItem with UID 1.2.410.200001.1.13010.2688288675.1.20260610.1142406168.625.1 not found
Requesting worklist item with study id 1.2.410.200001.1.13010.2688288675.1.20260610.1142406168.625.1
WorklistItem with UID 1.2.410.200001.1.13010.2688288675.1.20260610.1142406168.625.1 not found
Requesting worklist item with study id 1.2.410.200001.1.13010.2688288675.1.20260610.1142406168.625.1
WorklistItem with UID 1.2.410.200001.1.13010.2688288675.1.20260610.1142406168.625.1 not found
Requesting worklist item with study id 1.2.410.200001.1.13010.2688288675.1.20260610.1142406168.625.1
WorklistItem with UID 1.2.410.200001.1.13010.2688288675.1.20260610.1142406168.625.1 not found
Requesting worklist item with study id 1.2.410.200001.1.13010.2688288675.1.20260610.1151201855.508.1
WorklistItem with UID 1.2.410.200001.1.13010.2688288675.1.20260610.1151201855.508.1 not found
Requesting worklist item with study id 1.2.410.200001.1.13010.2688288675.1.20260610.1153729855.146.1
WorklistItem with UID 1.2.410.200001.1.13010.2688288675.1.20260610.1153729855.146.1 not found
Requesting worklist item with study id 1.2.410.200001.1.13010.2688288675.1.20260610.1153729855.146.1
WorklistItem with UID 1.2.410.200001.1.13010.2688288675.1.20260610.1153729855.146.1 not found
Requesting worklist item with study id 1.2.410.200001.1.13010.2688288675.1.20260610.1153729855.146.1
WorklistItem with UID 1.2.410.200001.1.13010.2688288675.1.20260610.1153729855.146.1 not found
Not Found: /worklists/image/
Not Found: /worklists/image/
Not Found: /worklists/image/
Not Found: /worklists/image/
Not Found: /worklists/image/
Not Found: /worklists/image/
Not Found: /worklists/image/
Requesting worklist item with study id 1.2.410.200001.1.13010.2688288675.1.20260610.1114459394.825.1
WorklistItem with UID 1.2.410.200001.1.13010.2688288675.1.20260610.1114459394.825.1 not found
<QuerySet []>
<QuerySet []>
Requesting worklist item with study id 1.2.410.200001.1.13010.2688288675.1.20260610.1114459394.825.1
WorklistItem with UID 1.2.410.200001.1.13010.2688288675.1.20260610.1114459394.825.1 not found
<QuerySet []>
<QuerySet []>
<QuerySet []>
<QuerySet []>
<QuerySet []>
Requesting worklist item with study id 1.2.410.200001.1.13010.2688288675.1.20260610.1114459394.825.1
WorklistItem with UID 1.2.410.200001.1.13010.2688288675.1.20260610.1114459394.825.1 not found
Requesting worklist item with study id 1.2.410.200001.1.13010.2688288675.1.20260610.1114459394.825.1
WorklistItem with UID 1.2.410.200001.1.13010.2688288675.1.20260610.1114459394.825.1 not found
<QuerySet []>
Requesting worklist item with study id 1.2.410.200001.1.13010.2688288675.1.20260610.1114459394.825.1
WorklistItem with UID 1.2.410.200001.1.13010.2688288675.1.20260610.1114459394.825.1 not found
<QuerySet []>
<QuerySet []>
<QuerySet []>
Requesting worklist item with study id 1.2.410.200001.1.13010.2688288675.1.20260610.1114459394.825.1
WorklistItem with UID 1.2.410.200001.1.13010.2688288675.1.20260610.1114459394.825.1 not found
<QuerySet []>
<QuerySet []>
<QuerySet []>
<QuerySet []>
<QuerySet []>
<QuerySet []>
<QuerySet []>
<QuerySet []>
<QuerySet []>
<QuerySet []>
<QuerySet []>
<QuerySet []>
<QuerySet []>
<QuerySet []>
<QuerySet []>
Requesting worklist item with study id 1.2.410.200001.1.13010.2688288675.1.20260610.1114459394.825.1
WorklistItem with UID 1.2.410.200001.1.13010.2688288675.1.20260610.1114459394.825.1 not found
<QuerySet []>
<QuerySet []>
Requesting worklist item with study id 1.2.410.200001.1.13010.2688288675.1.20260610.1114459394.825.1
WorklistItem with UID 1.2.410.200001.1.13010.2688288675.1.20260610.1114459394.825.1 not found
Requesting worklist item with study id 1.2.410.200001.1.13010.2688288675.1.20260610.1114459394.825.1
WorklistItem with UID 1.2.410.200001.1.13010.2688288675.1.20260610.1114459394.825.1 not found
<QuerySet []>
<QuerySet []>
<QuerySet []>
<QuerySet []>
<QuerySet []>
<QuerySet []>
<QuerySet []>
<QuerySet []>
<QuerySet []>
<QuerySet []>
<QuerySet []>
<QuerySet []>
Requesting worklist item with study id 1.2.410.200001.1.13010.2688288675.1.20260610.1114459394.825.1
WorklistItem with UID 1.2.410.200001.1.13010.2688288675.1.20260610.1114459394.825.1 not found
<QuerySet []>
<QuerySet []>
<QuerySet []>
<QuerySet []>
<QuerySet []>
<QuerySet []>
<QuerySet []>
<QuerySet []>
<QuerySet []>
<QuerySet []>
<QuerySet []>
<QuerySet []>
<QuerySet []>
<QuerySet []>
<QuerySet []>
<QuerySet []>
<QuerySet []>
<QuerySet []>
<QuerySet []>
<QuerySet []>
<QuerySet []>
<QuerySet []>
<QuerySet []>
<QuerySet []>
<QuerySet []>
<QuerySet []>
<QuerySet []>
<QuerySet []>
<QuerySet []>
<QuerySet []>
<QuerySet []>
<QuerySet []>
<QuerySet []>
<QuerySet []>
<QuerySet []>
<QuerySet []>
<QuerySet []>
<QuerySet []>
<QuerySet []>
<QuerySet []>
Requesting worklist item with study id 1.2.410.200001.1.13010.2688288675.1.20260610.1130641356.419.1
WorklistItem with UID 1.2.410.200001.1.13010.2688288675.1.20260610.1130641356.419.1 not found
Requesting worklist item with study id 1.2.410.200001.1.13010.2688288675.1.20260610.1130641356.419.1
WorklistItem with UID 1.2.410.200001.1.13010.2688288675.1.20260610.1130641356.419.1 not found
Requesting worklist item with study id 1.2.410.200001.1.13010.2688288675.1.20260610.1130641356.419.1
WorklistItem with UID 1.2.410.200001.1.13010.2688288675.1.20260610.1130641356.419.1 not found
Requesting worklist item with study id 1.2.410.200001.1.13010.2688288675.1.20260610.1130641356.419.1
WorklistItem with UID 1.2.410.200001.1.13010.2688288675.1.20260610.1130641356.419.1 not found
Requesting worklist item with study id 1.2.410.200001.1.13010.2688288675.1.20260610.1130641356.419.1
WorklistItem with UID 1.2.410.200001.1.13010.2688288675.1.20260610.1130641356.419.1 not found
Requesting worklist item with study id 1.2.410.200001.1.13010.2688288675.1.20260610.1130641356.419.1
WorklistItem with UID 1.2.410.200001.1.13010.2688288675.1.20260610.1130641356.419.1 not found
Requesting worklist item with study id 1.2.410.200001.1.13010.2688288675.1.20260610.1130641356.419.1
WorklistItem with UID 1.2.410.200001.1.13010.2688288675.1.20260610.1130641356.419.1 not found
Requesting worklist item with study id 1.2.410.200001.1.13010.2688288675.1.20260610.1130641356.419.1
WorklistItem with UID 1.2.410.200001.1.13010.2688288675.1.20260610.1130641356.419.1 not found
Requesting worklist item with study id 1.2.410.200001.1.13010.2688288675.1.20260610.1130641356.419.1
WorklistItem with UID 1.2.410.200001.1.13010.2688288675.1.20260610.1130641356.419.1 not found
Requesting worklist item with study id 1.2.410.200001.1.13010.2688288675.1.20260610.1130641356.419.1
WorklistItem with UID 1.2.410.200001.1.13010.2688288675.1.20260610.1130641356.419.1 not found
Requesting worklist item with study id 1.2.410.200001.1.13010.2688288675.1.20260610.1135857223.112.1
WorklistItem with UID 1.2.410.200001.1.13010.2688288675.1.20260610.1135857223.112.1 not found
Requesting worklist item with study id 1.2.410.200001.1.13010.2688288675.1.20260610.1142406168.625.1
WorklistItem with UID 1.2.410.200001.1.13010.2688288675.1.20260610.1142406168.625.1 not found
Requesting worklist item with study id 1.2.410.200001.1.13010.2688288675.1.20260610.1142406168.625.1
WorklistItem with UID 1.2.410.200001.1.13010.2688288675.1.20260610.1142406168.625.1 not found
Requesting worklist item with study id 1.2.410.200001.1.13010.2688288675.1.20260610.1142406168.625.1
WorklistItem with UID 1.2.410.200001.1.13010.2688288675.1.20260610.1142406168.625.1 not found
Requesting worklist item with study id 1.2.410.200001.1.13010.2688288675.1.20260610.1142406168.625.1
WorklistItem with UID 1.2.410.200001.1.13010.2688288675.1.20260610.1142406168.625.1 not found
Requesting worklist item with study id 1.2.410.200001.1.13010.2688288675.1.20260610.1142406168.625.1
WorklistItem with UID 1.2.410.200001.1.13010.2688288675.1.20260610.1142406168.625.1 not found
Requesting worklist item with study id 1.2.410.200001.1.13010.2688288675.1.20260610.1142406168.625.1
WorklistItem with UID 1.2.410.200001.1.13010.2688288675.1.20260610.1142406168.625.1 not found
Requesting worklist item with study id 1.2.410.200001.1.13010.2688288675.1.20260610.1142406168.625.1
WorklistItem with UID 1.2.410.200001.1.13010.2688288675.1.20260610.1142406168.625.1 not found
Requesting worklist item with study id 1.2.410.200001.1.13010.2688288675.1.20260610.1142406168.625.1
WorklistItem with UID 1.2.410.200001.1.13010.2688288675.1.20260610.1142406168.625.1 not found
Requesting worklist item with study id 1.2.410.200001.1.13010.2688288675.1.20260610.1142406168.625.1
WorklistItem with UID 1.2.410.200001.1.13010.2688288675.1.20260610.1142406168.625.1 not found
Requesting worklist item with study id 1.2.410.200001.1.13010.2688288675.1.20260610.1151201855.508.1
WorklistItem with UID 1.2.410.200001.1.13010.2688288675.1.20260610.1151201855.508.1 not found
Requesting worklist item with study id 1.2.410.200001.1.13010.2688288675.1.20260610.1153729855.146.1
WorklistItem with UID 1.2.410.200001.1.13010.2688288675.1.20260610.1153729855.146.1 not found
Requesting worklist item with study id 1.2.410.200001.1.13010.2688288675.1.20260610.1153729855.146.1
WorklistItem with UID 1.2.410.200001.1.13010.2688288675.1.20260610.1153729855.146.1 not found
Requesting worklist item with study id 1.2.410.200001.1.13010.2688288675.1.20260610.1153729855.146.1
WorklistItem with UID 1.2.410.200001.1.13010.2688288675.1.20260610.1153729855.146.1 not found
Requesting worklist item with study id 1.2.410.200001.1.13010.2688288675.1.20260610.1153729855.146.1
WorklistItem with UID 1.2.410.200001.1.13010.2688288675.1.20260610.1153729855.146.1 not found
Requesting worklist item with study id 1.2.410.200001.1.13010.2688288675.1.20260610.1153729855.146.1
WorklistItem with UID 1.2.410.200001.1.13010.2688288675.1.20260610.1153729855.146.1 not found
Not Found: /worklists/image/
Not Found: /worklists/image/
Not Found: /worklists/image/
Not Found: /worklists/image/
Not Found: /worklists/image/
Not Found: /worklists/image/
Not Found: /worklists/image/
Not Found: /worklists/image/
Not Found: /worklists/image/
Not Found: /worklists/image/
Not Found: /worklists/image/
Not Found: /worklists/image/
Not Found: /worklists/image/
Not Found: /worklists/image/
Not Found: /worklists/image/
Not Found: /worklists/image/
Not Found: /worklists/image/
Not Found: /worklists/image/
Not Found: /worklists/image/
Not Found: /worklists/image/
Not Found: /worklists/image/
Not Found: /worklists/image/
Not Found: /worklists/image/
WorklistItem with UID 1.2.410.200001.1.13010.2688288675.1.20260610.1114459394.825.1 not found
<QuerySet []>
<QuerySet []>
<QuerySet []>
<QuerySet []>
<QuerySet []>
<QuerySet []>
<QuerySet []>
<QuerySet []>
<QuerySet []>
<QuerySet []>
<QuerySet []>
<QuerySet []>
<QuerySet []>
<QuerySet []>
<QuerySet []>
<QuerySet []>
<QuerySet []>
<QuerySet []>
<QuerySet []>
<QuerySet []>
<QuerySet []>
<QuerySet []>
<QuerySet []>
<QuerySet []>
<QuerySet []>
<QuerySet []>
<QuerySet []>
<QuerySet []>
<QuerySet []>
<QuerySet []>
<QuerySet []>
<QuerySet []>
<QuerySet []>
<QuerySet []>
<QuerySet []>
<QuerySet []>
<QuerySet []>
<QuerySet []>
<QuerySet []>
<QuerySet []>
<QuerySet []>
<QuerySet []>
<QuerySet []>
<QuerySet []>
<QuerySet []>
<QuerySet []>
<QuerySet []>
Requesting worklist item with study id 1.2.410.200001.1.13010.2688288675.1.20260610.1130641356.419.1
WorklistItem with UID 1.2.410.200001.1.13010.2688288675.1.20260610.1130641356.419.1 not found
Requesting worklist item with study id 1.2.410.200001.1.13010.2688288675.1.20260610.1130641356.419.1
WorklistItem with UID 1.2.410.200001.1.13010.2688288675.1.20260610.1130641356.419.1 not found
Requesting worklist item with study id 1.2.410.200001.1.13010.2688288675.1.20260610.1130641356.419.1
WorklistItem with UID 1.2.410.200001.1.13010.2688288675.1.20260610.1130641356.419.1 not found
Requesting worklist item with study id 1.2.410.200001.1.13010.2688288675.1.20260610.1130641356.419.1
WorklistItem with UID 1.2.410.200001.1.13010.2688288675.1.20260610.1130641356.419.1 not found
Requesting worklist item with study id 1.2.410.200001.1.13010.2688288675.1.20260610.1130641356.419.1
WorklistItem with UID 1.2.410.200001.1.13010.2688288675.1.20260610.1130641356.419.1 not found
Requesting worklist item with study id 1.2.410.200001.1.13010.2688288675.1.20260610.1130641356.419.1
WorklistItem with UID 1.2.410.200001.1.13010.2688288675.1.20260610.1130641356.419.1 not found
Requesting worklist item with study id 1.2.410.200001.1.13010.2688288675.1.20260610.1130641356.419.1
WorklistItem with UID 1.2.410.200001.1.13010.2688288675.1.20260610.1130641356.419.1 not found
Requesting worklist item with study id 1.2.410.200001.1.13010.2688288675.1.20260610.1130641356.419.1
WorklistItem with UID 1.2.410.200001.1.13010.2688288675.1.20260610.1130641356.419.1 not found
Requesting worklist item with study id 1.2.410.200001.1.13010.2688288675.1.20260610.1130641356.419.1
WorklistItem with UID 1.2.410.200001.1.13010.2688288675.1.20260610.1130641356.419.1 not found
Requesting worklist item with study id 1.2.410.200001.1.13010.2688288675.1.20260610.1130641356.419.1
WorklistItem with UID 1.2.410.200001.1.13010.2688288675.1.20260610.1130641356.419.1 not found
Requesting worklist item with study id 1.2.410.200001.1.13010.2688288675.1.20260610.1130641356.419.1
WorklistItem with UID 1.2.410.200001.1.13010.2688288675.1.20260610.1130641356.419.1 not found
Requesting worklist item with study id 1.2.410.200001.1.13010.2688288675.1.20260610.1130641356.419.1
WorklistItem with UID 1.2.410.200001.1.13010.2688288675.1.20260610.1130641356.419.1 not found
Requesting worklist item with study id 1.2.410.200001.1.13010.2688288675.1.20260610.1142406168.625.1
WorklistItem with UID 1.2.410.200001.1.13010.2688288675.1.20260610.1142406168.625.1 not found
Requesting worklist item with study id 1.2.410.200001.1.13010.2688288675.1.20260610.1142406168.625.1
WorklistItem with UID 1.2.410.200001.1.13010.2688288675.1.20260610.1142406168.625.1 not found
Requesting worklist item with study id 1.2.410.200001.1.13010.2688288675.1.20260610.1142406168.625.1
WorklistItem with UID 1.2.410.200001.1.13010.2688288675.1.20260610.1142406168.625.1 not found
Requesting worklist item with study id 1.2.410.200001.1.13010.2688288675.1.20260610.1142406168.625.1
WorklistItem with UID 1.2.410.200001.1.13010.2688288675.1.20260610.1142406168.625.1 not found
Requesting worklist item with study id 1.2.410.200001.1.13010.2688288675.1.20260610.1142406168.625.1
WorklistItem with UID 1.2.410.200001.1.13010.2688288675.1.20260610.1142406168.625.1 not found
Requesting worklist item with study id 1.2.410.200001.1.13010.2688288675.1.20260610.1142406168.625.1
WorklistItem with UID 1.2.410.200001.1.13010.2688288675.1.20260610.1142406168.625.1 not found
Requesting worklist item with study id 1.2.410.200001.1.13010.2688288675.1.20260610.1142406168.625.1
WorklistItem with UID 1.2.410.200001.1.13010.2688288675.1.20260610.1142406168.625.1 not found
Requesting worklist item with study id 1.2.410.200001.1.13010.2688288675.1.20260610.1142406168.625.1
WorklistItem with UID 1.2.410.200001.1.13010.2688288675.1.20260610.1142406168.625.1 not found
Requesting worklist item with study id 1.2.410.200001.1.13010.2688288675.1.20260610.1142406168.625.1
WorklistItem with UID 1.2.410.200001.1.13010.2688288675.1.20260610.1142406168.625.1 not found
Requesting worklist item with study id 1.2.410.200001.1.13010.2688288675.1.20260610.1142406168.625.1
WorklistItem with UID 1.2.410.200001.1.13010.2688288675.1.20260610.1142406168.625.1 not found
Requesting worklist item with study id 1.2.410.200001.1.13010.2688288675.1.20260610.1142406168.625.1
WorklistItem with UID 1.2.410.200001.1.13010.2688288675.1.20260610.1142406168.625.1 not found
Requesting worklist item with study id 1.2.410.200001.1.13010.2688288675.1.20260610.1142406168.625.1
WorklistItem with UID 1.2.410.200001.1.13010.2688288675.1.20260610.1142406168.625.1 not found
Requesting worklist item with study id 1.2.410.200001.1.13010.2688288675.1.20260610.1151201855.508.1
WorklistItem with UID 1.2.410.200001.1.13010.2688288675.1.20260610.1151201855.508.1 not found
Requesting worklist item with study id 1.2.410.200001.1.13010.2688288675.1.20260610.1151201855.508.1
WorklistItem with UID 1.2.410.200001.1.13010.2688288675.1.20260610.1151201855.508.1 not found
Requesting worklist item with study id 1.2.410.200001.1.13010.2688288675.1.20260610.1153729855.146.1
WorklistItem with UID 1.2.410.200001.1.13010.2688288675.1.20260610.1153729855.146.1 not found
Requesting worklist item with study id 1.2.410.200001.1.13010.2688288675.1.20260610.1153729855.146.1
WorklistItem with UID 1.2.410.200001.1.13010.2688288675.1.20260610.1153729855.146.1 not found
Requesting worklist item with study id 1.2.410.200001.1.13010.2688288675.1.20260610.1153729855.146.1
WorklistItem with UID 1.2.410.200001.1.13010.2688288675.1.20260610.1153729855.146.1 not found
Requesting worklist item with study id 1.2.410.200001.1.13010.2688288675.1.20260610.1153729855.146.1
WorklistItem with UID 1.2.410.200001.1.13010.2688288675.1.20260610.1153729855.146.1 not found
Requesting worklist item with study id 1.2.410.200001.1.13010.2688288675.1.20260610.1153729855.146.1
WorklistItem with UID 1.2.410.200001.1.13010.2688288675.1.20260610.1153729855.146.1 not found
Requesting worklist item with study id 1.2.410.200001.1.13010.2688288675.1.20260610.1153729855.146.1
WorklistItem with UID 1.2.410.200001.1.13010.2688288675.1.20260610.1153729855.146.1 not found
Requesting worklist item with study id 1.2.410.200001.1.13010.2688288675.1.20260610.1153729855.146.1
WorklistItem with UID 1.2.410.200001.1.13010.2688288675.1.20260610.1153729855.146.1 not found
Requesting worklist item with study id 1.2.410.200001.1.13010.2688288675.1.20260610.1153729855.146.1
WorklistItem with UID 1.2.410.200001.1.13010.2688288675.1.20260610.1153729855.146.1 not found
Requesting worklist item with study id 1.2.410.200001.1.13010.2688288675.1.20260610.1153729855.146.1
WorklistItem with UID 1.2.410.200001.1.13010.2688288675.1.20260610.1153729855.146.1 not found
Requesting worklist item with study id 1.2.410.200001.1.13010.2688288675.1.20260610.1153729855.146.1
WorklistItem with UID 1.2.410.200001.1.13010.2688288675.1.20260610.1153729855.146.1 not found
Requesting worklist item with study id 1.2.410.200001.1.13010.2688288675.1.20260610.1153729855.146.1
WorklistItem with UID 1.2.410.200001.1.13010.2688288675.1.20260610.1153729855.146.1 not found
Requesting worklist item with study id 1.2.410.200001.1.13010.2688288675.1.20260610.1153729855.146.1
WorklistItem with UID 1.2.410.200001.1.13010.2688288675.1.20260610.1153729855.146.1 not found
Not Found: /worklists/image/
Not Found: /worklists/image/
WorklistItem with UID 1.2.410.200001.1.13010.2688288675.1.20260610.1114459394.825.1 not found
<QuerySet []>
Requesting worklist item with study id 1.2.410.200001.1.13010.2688288675.1.20260610.1114459394.825.1
WorklistItem with UID 1.2.410.200001.1.13010.2688288675.1.20260610.1114459394.825.1 not found
<QuerySet []>
<QuerySet []>
<QuerySet []>
<QuerySet []>
Requesting worklist item with study id 1.2.410.200001.1.13010.2688288675.1.20260610.1114459394.825.1
WorklistItem with UID 1.2.410.200001.1.13010.2688288675.1.20260610.1114459394.825.1 not found
<QuerySet []>
<QuerySet []>
<QuerySet []>
Requesting worklist item with study id 1.2.410.200001.1.13010.2688288675.1.20260610.1114459394.825.1
WorklistItem with UID 1.2.410.200001.1.13010.2688288675.1.20260610.1114459394.825.1 not found
<QuerySet []>
<QuerySet []>
<QuerySet []>
<QuerySet []>
<QuerySet []>
<QuerySet []>
<QuerySet []>
<QuerySet []>
Requesting worklist item with study id 1.2.410.200001.1.13010.2688288675.1.20260610.1114459394.825.1
WorklistItem with UID 1.2.410.200001.1.13010.2688288675.1.20260610.1114459394.825.1 not found
<QuerySet []>
<QuerySet []>
<QuerySet []>
<QuerySet []>
<QuerySet []>
<QuerySet []>
<QuerySet []>
<QuerySet []>
<QuerySet []>
<QuerySet []>
<QuerySet []>
<QuerySet []>
<QuerySet []>
<QuerySet []>
<QuerySet []>
<QuerySet []>
<QuerySet []>
<QuerySet []>
<QuerySet []>
<QuerySet []>
<QuerySet []>
<QuerySet []>
<QuerySet []>
<QuerySet []>
<QuerySet []>
<QuerySet []>
<QuerySet []>
<QuerySet []>
<QuerySet []>
<QuerySet []>
<QuerySet []>
<QuerySet []>
<QuerySet []>
<QuerySet []>
<QuerySet []>
<QuerySet []>
<QuerySet []>
<QuerySet []>
<QuerySet []>
<QuerySet []>
<QuerySet []>
<QuerySet []>
<QuerySet []>
<QuerySet []>
<QuerySet []>
<QuerySet []>
<QuerySet []>
<QuerySet []>
<QuerySet []>
<QuerySet []>
<QuerySet []>
<QuerySet []>
<QuerySet []>
<QuerySet []>
<QuerySet []>
<QuerySet []>
<QuerySet []>
<QuerySet []>
<QuerySet []>
<QuerySet []>
<QuerySet []>
<QuerySet []>
<QuerySet []>
<QuerySet []>
<QuerySet []>
<QuerySet []>
<QuerySet []>
<QuerySet []>
<QuerySet []>
Requesting worklist item with study id 1.2.410.200001.1.13010.2688288675.1.20260610.1130641356.419.1
WorklistItem with UID 1.2.410.200001.1.13010.2688288675.1.20260610.1130641356.419.1 not found
Requesting worklist item with study id 1.2.410.200001.1.13010.2688288675.1.20260610.1130641356.419.1
WorklistItem with UID 1.2.410.200001.1.13010.2688288675.1.20260610.1130641356.419.1 not found
Requesting worklist item with study id 1.2.410.200001.1.13010.2688288675.1.20260610.1130641356.419.1
WorklistItem with UID 1.2.410.200001.1.13010.2688288675.1.20260610.1130641356.419.1 not found
Requesting worklist item with study id 1.2.410.200001.1.13010.2688288675.1.20260610.1130641356.419.1
WorklistItem with UID 1.2.410.200001.1.13010.2688288675.1.20260610.1130641356.419.1 not found
Requesting worklist item with study id 1.2.410.200001.1.13010.2688288675.1.20260610.1130641356.419.1
WorklistItem with UID 1.2.410.200001.1.13010.2688288675.1.20260610.1130641356.419.1 not found
Requesting worklist item with study id 1.2.410.200001.1.13010.2688288675.1.20260610.1130641356.419.1
WorklistItem with UID 1.2.410.200001.1.13010.2688288675.1.20260610.1130641356.419.1 not found
Requesting worklist item with study id 1.2.410.200001.1.13010.2688288675.1.20260610.1130641356.419.1
WorklistItem with UID 1.2.410.200001.1.13010.2688288675.1.20260610.1130641356.419.1 not found
Requesting worklist item with study id 1.2.410.200001.1.13010.2688288675.1.20260610.1130641356.419.1
WorklistItem with UID 1.2.410.200001.1.13010.2688288675.1.20260610.1130641356.419.1 not found
Requesting worklist item with study id 1.2.410.200001.1.13010.2688288675.1.20260610.1130641356.419.1
WorklistItem with UID 1.2.410.200001.1.13010.2688288675.1.20260610.1130641356.419.1 not found
Requesting worklist item with study id 1.2.410.200001.1.13010.2688288675.1.20260610.1130641356.419.1
WorklistItem with UID 1.2.410.200001.1.13010.2688288675.1.20260610.1130641356.419.1 not found
Requesting worklist item with study id 1.2.410.200001.1.13010.2688288675.1.20260610.1135857223.112.1
WorklistItem with UID 1.2.410.200001.1.13010.2688288675.1.20260610.1135857223.112.1 not found
Requesting worklist item with study id 1.2.410.200001.1.13010.2688288675.1.20260610.1142406168.625.1
WorklistItem with UID 1.2.410.200001.1.13010.2688288675.1.20260610.1142406168.625.1 not found
Requesting worklist item with study id 1.2.410.200001.1.13010.2688288675.1.20260610.1142406168.625.1
WorklistItem with UID 1.2.410.200001.1.13010.2688288675.1.20260610.1142406168.625.1 not found
Requesting worklist item with study id 1.2.410.200001.1.13010.2688288675.1.20260610.1142406168.625.1
WorklistItem with UID 1.2.410.200001.1.13010.2688288675.1.20260610.1142406168.625.1 not found
Requesting worklist item with study id 1.2.410.200001.1.13010.2688288675.1.20260610.1142406168.625.1
WorklistItem with UID 1.2.410.200001.1.13010.2688288675.1.20260610.1142406168.625.1 not found
Requesting worklist item with study id 1.2.410.200001.1.13010.2688288675.1.20260610.1142406168.625.1
WorklistItem with UID 1.2.410.200001.1.13010.2688288675.1.20260610.1142406168.625.1 not found
Requesting worklist item with study id 1.2.410.200001.1.13010.2688288675.1.20260610.1142406168.625.1
WorklistItem with UID 1.2.410.200001.1.13010.2688288675.1.20260610.1142406168.625.1 not found
Requesting worklist item with study id 1.2.410.200001.1.13010.2688288675.1.20260610.1142406168.625.1
WorklistItem with UID 1.2.410.200001.1.13010.2688288675.1.20260610.1142406168.625.1 not found
Requesting worklist item with study id 1.2.410.200001.1.13010.2688288675.1.20260610.1142406168.625.1
WorklistItem with UID 1.2.410.200001.1.13010.2688288675.1.20260610.1142406168.625.1 not found
Requesting worklist item with study id 1.2.410.200001.1.13010.2688288675.1.20260610.1151201855.508.1
WorklistItem with UID 1.2.410.200001.1.13010.2688288675.1.20260610.1151201855.508.1 not found
Requesting worklist item with study id 1.2.410.200001.1.13010.2688288675.1.20260610.1153729855.146.1
WorklistItem with UID 1.2.410.200001.1.13010.2688288675.1.20260610.1153729855.146.1 not found
Requesting worklist item with study id 1.2.410.200001.1.13010.2688288675.1.20260610.1153729855.146.1
WorklistItem with UID 1.2.410.200001.1.13010.2688288675.1.20260610.1153729855.146.1 not found
Requesting worklist item with study id 1.2.410.200001.1.13010.2688288675.1.20260610.1153729855.146.1
WorklistItem with UID 1.2.410.200001.1.13010.2688288675.1.20260610.1153729855.146.1 not found
Requesting worklist item with study id 1.2.410.200001.1.13010.2688288675.1.20260610.1153729855.146.1
WorklistItem with UID 1.2.410.200001.1.13010.2688288675.1.20260610.1153729855.146.1 not found
Requesting worklist item with study id 1.2.410.200001.1.13010.2688288675.1.20260610.1153729855.146.1
WorklistItem with UID 1.2.410.200001.1.13010.2688288675.1.20260610.1153729855.146.1 not found
Requesting worklist item with study id 1.2.410.200001.1.13010.2688288675.1.20260610.1153729855.146.1
WorklistItem with UID 1.2.410.200001.1.13010.2688288675.1.20260610.1153729855.146.1 not found
Requesting worklist item with study id 1.2.410.200001.1.13010.2688288675.1.20260610.1153729855.146.1
WorklistItem with UID 1.2.410.200001.1.13010.2688288675.1.20260610.1153729855.146.1 not found
Requesting worklist item with study id 1.2.410.200001.1.13010.2688288675.1.20260610.1153729855.146.1
WorklistItem with UID 1.2.410.200001.1.13010.2688288675.1.20260610.1153729855.146.1 not found
Requesting worklist item with study id 1.2.410.200001.1.13010.2688288675.1.20260610.1153729855.146.1
WorklistItem with UID 1.2.410.200001.1.13010.2688288675.1.20260610.1153729855.146.1 not found
Requesting worklist item with study id 1.2.410.200001.1.13010.2688288675.1.20260610.1153729855.146.1
WorklistItem with UID 1.2.410.200001.1.13010.2688288675.1.20260610.1153729855.146.1 not found
Requesting worklist item with study id 1.2.410.200001.1.13010.2688288675.1.20260610.1153729855.146.1
WorklistItem with UID 1.2.410.200001.1.13010.2688288675.1.20260610.1153729855.146.1 not found
Not Found: /worklists/image/
Not Found: /worklists/image/
Not Found: /worklists/image/
Not Found: /worklists/image/
Not Found: /worklists/image/
Not Found: /worklists/image/
Not Found: /worklists/image/
Not Found: /worklists/image/
Not Found: /worklists/image/
Not Found: /worklists/image/
Not Found: /worklists/image/
Not Found: /worklists/image/
Not Found: /worklists/image/
Not Found: /worklists/image/
Not Found: /worklists/image/
Not Found: /worklists/image/
Not Found: /worklists/image/
Not Found: /worklists/image/
Not Found: /worklists/image/
Not Found: /worklists/image/
Not Found: /worklists/image/
Not Found: /worklists/image/
Not Found: /worklists/image/
Not Found: /worklists/image/
Not Found: /worklists/image/
Not Found: /worklists/image/
Not Found: /worklists/image/
Not Found: /worklists/image/
Not Found: /worklists/image/
Not Found: /worklists/image/
Not Found: /worklists/image/
Not Found: /worklists/image/
Not Found: /worklists/image/
Not Found: /worklists/image/
Not Found: /worklists/image/
Not Found: /worklists/image/
Not Found: /worklists/image/
Not Found: /worklists/image/
Not Found: /robots.txt
Not Found: /worklists/image/
Not Found: /worklists/image/
Not Found: /worklists/image/
Not Found: /worklists/image/
Not Found: /worklists/image/
Not Found: /worklists/image/
Not Found: /worklists/image/
Not Found: /worklists/image/
Not Found: /worklists/image/
Not Found: /worklists/image/
Not Found: /worklists/image/
Not Found: /worklists/image/
Not Found: /worklists/image/
Not Found: /worklists/image/
Not Found: /worklists/image/
Not Found: /worklists/image/
Not Found: /worklists/image/
Not Found: /worklists/image/
Not Found: /worklists/image/
Not Found: /worklists/image/
Not Found: /worklists/image/
Not Found: /worklists/image/
Not Found: /worklists/image/
Not Found: /worklists/image/
Not Found: /worklists/image/
Not Found: /worklists/image/
Not Found: /worklists/image/
Not Found: /worklists/image/
Not Found: /worklists/image/
Not Found: /worklists/image/
Not Found: /worklists/image/
Not Found: /worklists/image/
Not Found: /worklists/image/
Not Found: /worklists/image/
Not Found: /worklists/image/
Not Found: /worklists/image/
Not Found: /worklists/image/
Not Found: /worklists/image/
Not Found: /worklists/image/
Not Found: /worklists/image/
Not Found: /worklists/image/
Not Found: /worklists/image/
Not Found: /worklists/image/
Not Found: /worklists/image/
Not Found: /worklists/image/
Not Found: /worklists/image/
Not Found: /worklists/image/
Not Found: /worklists/image/
Not Found: /worklists/image/
Not Found: /worklists/image/
Not Found: /worklists/image/
Not Found: /worklists/image/
Not Found: /worklists/image/
Not Found: /worklists/image/
Not Found: /worklists/image/
Not Found: /worklists/image/
Not Found: /worklists/image/
Not Found: /worklists/image/
Not Found: /worklists/image/
Not Found: /worklists/image/
Not Found: /worklists/image/
Not Found: /worklists/image/
Not Found: /worklists/image/
Not Found: /worklists/image/
Not Found: /worklists/image/
Not Found: /worklists/image/
Not Found: /worklists/image/
Not Found: /worklists/image/
Not Found: /worklists/image/
Not Found: /worklists/image/
Not Found: /console/
Not Found: /server
Not Found: /server-status
Not Found: /about
Not Found: /login.action
Not Found: /___proxy_subdomain_whm/login
Not Found: /___proxy_subdomain_cpanel
Not Found: /v2/_catalog
Not Found: /.DS_Store
Not Found: /worklists/image/
Not Found: /.env
Not Found: /ecp/Current/exporttool/microsoft.exchange.ediscovery.exporttool.application
Not Found: /worklists/image/
Not Found: /.git/config
Not Found: /graphql
Not Found: /api
Not Found: /api/graphql
Not Found: /graphql/api
Not Found: /api/gql
Not Found: /s/532323e25373e2132313e2932313/_/;/META-INF/maven/com.atlassian.jira/jira-webapp-dist/pom.properties
Not Found: /config.json
Not Found: /telescope/requests
Not Found: /info.php
Not Found: /.well-known/security.txt
Not Found: /actuator/env
Not Found: /trace.axd
Not Found: /@vite/env
Not Found: /.vscode/sftp.json
Not Found: /debug/default/view
Not Found: /console/
Not Found: /server
Not Found: /server-status
Not Found: /about
Not Found: /login.action
Not Found: /___proxy_subdomain_whm/login
Not Found: /___proxy_subdomain_cpanel
Not Found: /v2/_catalog
Not Found: /.DS_Store
Not Found: /.env
Not Found: /ecp/Current/exporttool/microsoft.exchange.ediscovery.exporttool.application
Not Found: /.git/config
Not Found: /graphql
Not Found: /api
Not Found: /api/graphql
Not Found: /graphql/api
Not Found: /api/gql
Not Found: /s/532323e25373e2132313e2932313/_/;/META-INF/maven/com.atlassian.jira/jira-webapp-dist/pom.properties
Not Found: /config.json
Not Found: /telescope/requests
Not Found: /info.php
Not Found: /.well-known/security.txt
Not Found: /actuator/env
Not Found: /trace.axd
Not Found: /@vite/env
Not Found: /.vscode/sftp.json
Not Found: /debug/default/view
Invalid HTTP_HOST header: '129.121.75.225'. You may need to add '129.121.75.225' to ALLOWED_HOSTS.
Traceback (most recent call last):
  File "/usr/local/lib/python3.9/site-packages/django/core/handlers/exception.py", line 55, in inner
    response = get_response(request)
  File "/usr/local/lib/python3.9/site-packages/django/utils/deprecation.py", line 133, in __call__
    response = self.process_request(request)
  File "/usr/local/lib/python3.9/site-packages/django/middleware/common.py", line 48, in process_request
    host = request.get_host()
  File "/usr/local/lib/python3.9/site-packages/django/http/request.py", line 150, in get_host
    raise DisallowedHost(msg)
django.core.exceptions.DisallowedHost: Invalid HTTP_HOST header: '129.121.75.225'. You may need to add '129.121.75.225' to ALLOWED_HOSTS.
Invalid HTTP_HOST header: '129.121.75.225:8001'. You may need to add '129.121.75.225' to ALLOWED_HOSTS.
Traceback (most recent call last):
  File "/usr/local/lib/python3.9/site-packages/django/core/handlers/exception.py", line 55, in inner
    response = get_response(request)
  File "/usr/local/lib/python3.9/site-packages/django/utils/deprecation.py", line 133, in __call__
    response = self.process_request(request)
  File "/usr/local/lib/python3.9/site-packages/django/middleware/common.py", line 48, in process_request
    host = request.get_host()
  File "/usr/local/lib/python3.9/site-packages/django/http/request.py", line 150, in get_host
    raise DisallowedHost(msg)
django.core.exceptions.DisallowedHost: Invalid HTTP_HOST header: '129.121.75.225:8001'. You may need to add '129.121.75.225' to ALLOWED_HOSTS.
Invalid HTTP_HOST header: '129.121.75.225:8001'. You may need to add '129.121.75.225' to ALLOWED_HOSTS.
Traceback (most recent call last):
  File "/usr/local/lib/python3.9/site-packages/django/core/handlers/exception.py", line 55, in inner
    response = get_response(request)
  File "/usr/local/lib/python3.9/site-packages/django/utils/deprecation.py", line 133, in __call__
    response = self.process_request(request)
  File "/usr/local/lib/python3.9/site-packages/django/middleware/common.py", line 48, in process_request
    host = request.get_host()
  File "/usr/local/lib/python3.9/site-packages/django/http/request.py", line 150, in get_host
    raise DisallowedHost(msg)
django.core.exceptions.DisallowedHost: Invalid HTTP_HOST header: '129.121.75.225:8001'. You may need to add '129.121.75.225' to ALLOWED_HOSTS.
Invalid HTTP_HOST header: '129.121.75.225:8001'. You may need to add '129.121.75.225' to ALLOWED_HOSTS.
Traceback (most recent call last):
  File "/usr/local/lib/python3.9/site-packages/django/core/handlers/exception.py", line 55, in inner
    response = get_response(request)
  File "/usr/local/lib/python3.9/site-packages/django/utils/deprecation.py", line 133, in __call__
    response = self.process_request(request)
  File "/usr/local/lib/python3.9/site-packages/django/middleware/common.py", line 48, in process_request
    host = request.get_host()
  File "/usr/local/lib/python3.9/site-packages/django/http/request.py", line 150, in get_host
    raise DisallowedHost(msg)
django.core.exceptions.DisallowedHost: Invalid HTTP_HOST header: '129.121.75.225:8001'. You may need to add '129.121.75.225' to ALLOWED_HOSTS.
Forbidden (Referer checking failed - no Referer.): /
Forbidden (Referer checking failed - no Referer.): /
Not Found: /.env
Not Found: /console/
Not Found: /server
Not Found: /server-status
Not Found: /about
Not Found: /login.action
Not Found: /___proxy_subdomain_whm/login
Not Found: /___proxy_subdomain_cpanel
Not Found: /v2/_catalog
Not Found: /.DS_Store
Not Found: /.env
Not Found: /ecp/Current/exporttool/microsoft.exchange.ediscovery.exporttool.application
Not Found: /.git/config
Not Found: /graphql
Not Found: /api
Not Found: /api/graphql
Not Found: /graphql/api
Not Found: /api/gql
Not Found: /s/532323e25373e2132313e2932313/_/;/META-INF/maven/com.atlassian.jira/jira-webapp-dist/pom.properties
Not Found: /config.json
Not Found: /telescope/requests
Not Found: /info.php
Not Found: /.well-known/security.txt
Not Found: /actuator/env
Not Found: /trace.axd
Not Found: /@vite/env
Not Found: /.vscode/sftp.json
Not Found: /debug/default/view
Invalid HTTP_HOST header: '192.0.2.1'. You may need to add '192.0.2.1' to ALLOWED_HOSTS.
Traceback (most recent call last):
  File "/usr/local/lib/python3.9/site-packages/django/core/handlers/exception.py", line 55, in inner
    response = get_response(request)
  File "/usr/local/lib/python3.9/site-packages/django/utils/deprecation.py", line 133, in __call__
    response = self.process_request(request)
  File "/usr/local/lib/python3.9/site-packages/django/middleware/common.py", line 48, in process_request
    host = request.get_host()
  File "/usr/local/lib/python3.9/site-packages/django/http/request.py", line 150, in get_host
    raise DisallowedHost(msg)
django.core.exceptions.DisallowedHost: Invalid HTTP_HOST header: '192.0.2.1'. You may need to add '192.0.2.1' to ALLOWED_HOSTS.
Invalid HTTP_HOST header: '129.121.75.225:8001'. You may need to add '129.121.75.225' to ALLOWED_HOSTS.
Traceback (most recent call last):
  File "/usr/local/lib/python3.9/site-packages/django/core/handlers/exception.py", line 55, in inner
    response = get_response(request)
  File "/usr/local/lib/python3.9/site-packages/django/utils/deprecation.py", line 133, in __call__
    response = self.process_request(request)
  File "/usr/local/lib/python3.9/site-packages/django/middleware/common.py", line 48, in process_request
    host = request.get_host()
  File "/usr/local/lib/python3.9/site-packages/django/http/request.py", line 150, in get_host
    raise DisallowedHost(msg)
django.core.exceptions.DisallowedHost: Invalid HTTP_HOST header: '129.121.75.225:8001'. You may need to add '129.121.75.225' to ALLOWED_HOSTS.
Invalid HTTP_HOST header: '129.121.75.225:8001'. You may need to add '129.121.75.225' to ALLOWED_HOSTS.
Traceback (most recent call last):
  File "/usr/local/lib/python3.9/site-packages/django/core/handlers/exception.py", line 55, in inner
    response = get_response(request)
  File "/usr/local/lib/python3.9/site-packages/django/utils/deprecation.py", line 133, in __call__
    response = self.process_request(request)
  File "/usr/local/lib/python3.9/site-packages/django/middleware/common.py", line 48, in process_request
    host = request.get_host()
  File "/usr/local/lib/python3.9/site-packages/django/http/request.py", line 150, in get_host
    raise DisallowedHost(msg)
django.core.exceptions.DisallowedHost: Invalid HTTP_HOST header: '129.121.75.225:8001'. You may need to add '129.121.75.225' to ALLOWED_HOSTS.
Not Found: /console/
Not Found: /server
Not Found: /server-status
Not Found: /about
Not Found: /login.action
Not Found: /___proxy_subdomain_whm/login
Not Found: /___proxy_subdomain_cpanel
Not Found: /v2/_catalog
Not Found: /.DS_Store
Not Found: /.env
Not Found: /ecp/Current/exporttool/microsoft.exchange.ediscovery.exporttool.application
Not Found: /.git/config
Not Found: /graphql
Not Found: /api
Not Found: /api/graphql
Not Found: /graphql/api
Not Found: /api/gql
Not Found: /s/532323e25373e2132313e2932313/_/;/META-INF/maven/com.atlassian.jira/jira-webapp-dist/pom.properties
Not Found: /config.json
Not Found: /telescope/requests
Not Found: /info.php
Not Found: /.well-known/security.txt
Not Found: /actuator/env
Not Found: /trace.axd
Not Found: /@vite/env
Not Found: /.vscode/sftp.json
Not Found: /debug/default/view
Not Found: /.env
Not Found: /.env
Invalid HTTP_HOST header: '129.121.75.225'. You may need to add '129.121.75.225' to ALLOWED_HOSTS.
Traceback (most recent call last):
  File "/usr/local/lib/python3.9/site-packages/django/core/handlers/exception.py", line 55, in inner
    response = get_response(request)
  File "/usr/local/lib/python3.9/site-packages/django/utils/deprecation.py", line 133, in __call__
    response = self.process_request(request)
  File "/usr/local/lib/python3.9/site-packages/django/middleware/common.py", line 48, in process_request
    host = request.get_host()
  File "/usr/local/lib/python3.9/site-packages/django/http/request.py", line 150, in get_host
    raise DisallowedHost(msg)
django.core.exceptions.DisallowedHost: Invalid HTTP_HOST header: '129.121.75.225'. You may need to add '129.121.75.225' to ALLOWED_HOSTS.
Invalid HTTP_HOST header: '129.121.75.225:8001'. You may need to add '129.121.75.225' to ALLOWED_HOSTS.
Traceback (most recent call last):
  File "/usr/local/lib/python3.9/site-packages/django/core/handlers/exception.py", line 55, in inner
    response = get_response(request)
  File "/usr/local/lib/python3.9/site-packages/django/utils/deprecation.py", line 133, in __call__
    response = self.process_request(request)
  File "/usr/local/lib/python3.9/site-packages/django/middleware/common.py", line 48, in process_request
    host = request.get_host()
  File "/usr/local/lib/python3.9/site-packages/django/http/request.py", line 150, in get_host
    raise DisallowedHost(msg)
django.core.exceptions.DisallowedHost: Invalid HTTP_HOST header: '129.121.75.225:8001'. You may need to add '129.121.75.225' to ALLOWED_HOSTS.
Not Found: /.env
Invalid HTTP_HOST header: '192.0.2.1'. You may need to add '192.0.2.1' to ALLOWED_HOSTS.
Traceback (most recent call last):
  File "/usr/local/lib/python3.9/site-packages/django/core/handlers/exception.py", line 55, in inner
    response = get_response(request)
  File "/usr/local/lib/python3.9/site-packages/django/utils/deprecation.py", line 133, in __call__
    response = self.process_request(request)
  File "/usr/local/lib/python3.9/site-packages/django/middleware/common.py", line 48, in process_request
    host = request.get_host()
  File "/usr/local/lib/python3.9/site-packages/django/http/request.py", line 150, in get_host
    raise DisallowedHost(msg)
django.core.exceptions.DisallowedHost: Invalid HTTP_HOST header: '192.0.2.1'. You may need to add '192.0.2.1' to ALLOWED_HOSTS.
Forbidden (CSRF cookie not set.): /
Forbidden (CSRF cookie not set.): /
Forbidden (CSRF cookie not set.): /
Forbidden (CSRF cookie not set.): /
Forbidden (CSRF cookie not set.): /
Forbidden (CSRF cookie not set.): /
Forbidden (CSRF cookie not set.): /
Forbidden (CSRF cookie not set.): /
Forbidden (CSRF cookie not set.): /
Invalid HTTP_HOST header: '129.121.75.225:8001'. You may need to add '129.121.75.225' to ALLOWED_HOSTS.
Traceback (most recent call last):
  File "/usr/local/lib/python3.9/site-packages/django/core/handlers/exception.py", line 55, in inner
    response = get_response(request)
  File "/usr/local/lib/python3.9/site-packages/django/utils/deprecation.py", line 133, in __call__
    response = self.process_request(request)
  File "/usr/local/lib/python3.9/site-packages/django/middleware/common.py", line 48, in process_request
    host = request.get_host()
  File "/usr/local/lib/python3.9/site-packages/django/http/request.py", line 150, in get_host
    raise DisallowedHost(msg)
django.core.exceptions.DisallowedHost: Invalid HTTP_HOST header: '129.121.75.225:8001'. You may need to add '129.121.75.225' to ALLOWED_HOSTS.
Invalid HTTP_HOST header: '129.121.75.225:8001'. You may need to add '129.121.75.225' to ALLOWED_HOSTS.
Traceback (most recent call last):
  File "/usr/local/lib/python3.9/site-packages/django/core/handlers/exception.py", line 55, in inner
    response = get_response(request)
  File "/usr/local/lib/python3.9/site-packages/django/utils/deprecation.py", line 133, in __call__
    response = self.process_request(request)
  File "/usr/local/lib/python3.9/site-packages/django/middleware/common.py", line 48, in process_request
    host = request.get_host()
  File "/usr/local/lib/python3.9/site-packages/django/http/request.py", line 150, in get_host
    raise DisallowedHost(msg)
django.core.exceptions.DisallowedHost: Invalid HTTP_HOST header: '129.121.75.225:8001'. You may need to add '129.121.75.225' to ALLOWED_HOSTS.
Invalid HTTP_HOST header: '129.121.75.225:8001'. You may need to add '129.121.75.225' to ALLOWED_HOSTS.
Traceback (most recent call last):
  File "/usr/local/lib/python3.9/site-packages/django/core/handlers/exception.py", line 55, in inner
    response = get_response(request)
  File "/usr/local/lib/python3.9/site-packages/django/utils/deprecation.py", line 133, in __call__
    response = self.process_request(request)
  File "/usr/local/lib/python3.9/site-packages/django/middleware/common.py", line 48, in process_request
    host = request.get_host()
  File "/usr/local/lib/python3.9/site-packages/django/http/request.py", line 150, in get_host
    raise DisallowedHost(msg)
django.core.exceptions.DisallowedHost: Invalid HTTP_HOST header: '129.121.75.225:8001'. You may need to add '129.121.75.225' to ALLOWED_HOSTS.
Requesting worklist item with study id 1.2.410.200001.1.13010.2688288675.1.20260610.1153729855.146.1
WorklistItem with UID 1.2.410.200001.1.13010.2688288675.1.20260610.1153729855.146.1 not found
Requesting worklist item with study id 1.2.410.200001.1.13010.2688288675.1.20260610.1153729855.146.1
WorklistItem with UID 1.2.410.200001.1.13010.2688288675.1.20260610.1153729855.146.1 not found
Requesting worklist item with study id 1.2.410.200001.1.13010.2688288675.1.20260610.1153729855.146.1
WorklistItem with UID 1.2.410.200001.1.13010.2688288675.1.20260610.1153729855.146.1 not found
Requesting worklist item with study id 1.2.410.200001.1.13010.2688288675.1.20260610.1153729855.146.1
WorklistItem with UID 1.2.410.200001.1.13010.2688288675.1.20260610.1153729855.146.1 not found
Requesting worklist item with study id 1.2.410.200001.1.13010.2688288675.1.20260610.1153729855.146.1
WorklistItem with UID 1.2.410.200001.1.13010.2688288675.1.20260610.1153729855.146.1 not found
Requesting worklist item with study id 1.2.410.200001.1.13010.2688288675.1.20260610.1153729855.146.1
WorklistItem with UID 1.2.410.200001.1.13010.2688288675.1.20260610.1153729855.146.1 not found
Requesting worklist item with study id 1.2.410.200001.1.13010.2688288675.1.20260610.1153729855.146.1
WorklistItem with UID 1.2.410.200001.1.13010.2688288675.1.20260610.1153729855.146.1 not found
Requesting worklist item with study id 1.2.410.200001.1.13010.2688288675.1.20260610.1153729855.146.1
WorklistItem with UID 1.2.410.200001.1.13010.2688288675.1.20260610.1153729855.146.1 not found
Requesting worklist item with study id 1.2.410.200001.1.13010.2688288675.1.20260610.1153729855.146.1
WorklistItem with UID 1.2.410.200001.1.13010.2688288675.1.20260610.1153729855.146.1 not found
Requesting worklist item with study id 1.2.410.200001.1.13010.2688288675.1.20260610.1163717239.593.1
WorklistItem with UID 1.2.410.200001.1.13010.2688288675.1.20260610.1163717239.593.1 not found
Requesting worklist item with study id 1.2.410.200001.1.13010.2688288675.1.20260610.1163717239.593.1
WorklistItem with UID 1.2.410.200001.1.13010.2688288675.1.20260610.1163717239.593.1 not found
Requesting worklist item with study id 1.2.410.200001.1.13010.2688288675.1.20260610.1163717239.593.1
WorklistItem with UID 1.2.410.200001.1.13010.2688288675.1.20260610.1163717239.593.1 not found
Requesting worklist item with study id 1.2.410.200001.1.13010.2688288675.1.20260610.1163717239.593.1
WorklistItem with UID 1.2.410.200001.1.13010.2688288675.1.20260610.1163717239.593.1 not found
Requesting worklist item with study id 1.2.410.200001.1.13010.2688288675.1.20260610.1163717239.593.1
WorklistItem with UID 1.2.410.200001.1.13010.2688288675.1.20260610.1163717239.593.1 not found
Requesting worklist item with study id 1.2.410.200001.1.13010.2688288675.1.20260610.1163717239.593.1
WorklistItem with UID 1.2.410.200001.1.13010.2688288675.1.20260610.1163717239.593.1 not found
Requesting worklist item with study id 1.2.410.200001.1.13010.2688288675.1.20260610.1163717239.593.1
WorklistItem with UID 1.2.410.200001.1.13010.2688288675.1.20260610.1163717239.593.1 not found
Requesting worklist item with study id 1.2.410.200001.1.13010.2688288675.1.20260610.1163717239.593.1
WorklistItem with UID 1.2.410.200001.1.13010.2688288675.1.20260610.1163717239.593.1 not found
Requesting worklist item with study id 1.2.410.200001.1.13010.2688288675.1.20260610.1163717239.593.1
WorklistItem with UID 1.2.410.200001.1.13010.2688288675.1.20260610.1163717239.593.1 not found
Requesting worklist item with study id 1.2.410.200001.1.13010.2688288675.1.20260610.1163717239.593.1
WorklistItem with UID 1.2.410.200001.1.13010.2688288675.1.20260610.1163717239.593.1 not found
Requesting worklist item with study id 1.2.410.200001.1.13010.2688288675.1.20260610.1163717239.593.1
WorklistItem with UID 1.2.410.200001.1.13010.2688288675.1.20260610.1163717239.593.1 not found
Requesting worklist item with study id 1.2.410.200001.1.13010.2688288675.1.20260610.1163717239.593.1
WorklistItem with UID 1.2.410.200001.1.13010.2688288675.1.20260610.1163717239.593.1 not found
Requesting worklist item with study id 1.2.410.200001.1.13010.2688288675.1.20260610.1163717239.593.1
WorklistItem with UID 1.2.410.200001.1.13010.2688288675.1.20260610.1163717239.593.1 not found
Requesting worklist item with study id 1.2.410.200001.1.13010.2688288675.1.20260610.1172524395.410.1
WorklistItem with UID 1.2.410.200001.1.13010.2688288675.1.20260610.1172524395.410.1 not found
Requesting worklist item with study id 1.2.410.200001.1.13010.2688288675.1.20260610.1172524395.410.1
WorklistItem with UID 1.2.410.200001.1.13010.2688288675.1.20260610.1172524395.410.1 not found
Requesting worklist item with study id 1.2.410.200001.1.13010.2688288675.1.20260610.1172524395.410.1
WorklistItem with UID 1.2.410.200001.1.13010.2688288675.1.20260610.1172524395.410.1 not found
Requesting worklist item with study id 1.2.410.200001.1.13010.2688288675.1.20260610.1172524395.410.1
WorklistItem with UID 1.2.410.200001.1.13010.2688288675.1.20260610.1172524395.410.1 not found
Requesting worklist item with study id 1.2.410.200001.1.13010.2688288675.1.20260610.1172524395.410.1
WorklistItem with UID 1.2.410.200001.1.13010.2688288675.1.20260610.1172524395.410.1 not found
Requesting worklist item with study id 1.2.410.200001.1.13010.2688288675.1.20260610.1172524395.410.1
WorklistItem with UID 1.2.410.200001.1.13010.2688288675.1.20260610.1172524395.410.1 not found
Requesting worklist item with study id 1.2.410.200001.1.13010.2688288675.1.20260610.1172524395.410.1
WorklistItem with UID 1.2.410.200001.1.13010.2688288675.1.20260610.1172524395.410.1 not found
Requesting worklist item with study id 1.2.410.200001.1.13010.2688288675.1.20260610.1172524395.410.1
WorklistItem with UID 1.2.410.200001.1.13010.2688288675.1.20260610.1172524395.410.1 not found
Requesting worklist item with study id 1.2.410.200001.1.13010.2688288675.1.20260610.1172524395.410.1
WorklistItem with UID 1.2.410.200001.1.13010.2688288675.1.20260610.1172524395.410.1 not found
Requesting worklist item with study id 1.2.410.200001.1.13010.2688288675.1.20260610.1172524395.410.1
WorklistItem with UID 1.2.410.200001.1.13010.2688288675.1.20260610.1172524395.410.1 not found
Requesting worklist item with study id 1.2.410.200001.1.13010.2688288675.1.20260610.1172524395.410.1
WorklistItem with UID 1.2.410.200001.1.13010.2688288675.1.20260610.1172524395.410.1 not found
Requesting worklist item with study id 1.2.410.200001.1.13010.2688288675.1.20260610.1172524395.410.1
WorklistItem with UID 1.2.410.200001.1.13010.2688288675.1.20260610.1172524395.410.1 not found
Requesting worklist item with study id 1.2.410.200001.1.13010.2688288675.1.20260610.1172524395.410.1
WorklistItem with UID 1.2.410.200001.1.13010.2688288675.1.20260610.1172524395.410.1 not found
Requesting worklist item with study id 1.2.410.200001.1.13010.2688288675.1.20260610.1172524395.410.1
WorklistItem with UID 1.2.410.200001.1.13010.2688288675.1.20260610.1172524395.410.1 not found
Requesting worklist item with study id 1.2.410.200001.1.13010.2688288675.1.20260610.1172524395.410.1
WorklistItem with UID 1.2.410.200001.1.13010.2688288675.1.20260610.1172524395.410.1 not found
Requesting worklist item with study id 1.2.410.200001.1.13010.2688288675.1.20260610.1172524395.410.1
WorklistItem with UID 1.2.410.200001.1.13010.2688288675.1.20260610.1172524395.410.1 not found
>>>>>>>>> resultat {}
Order col 0 identifiant_unique
Filter  nom_naissance 
Filter  nom 
Filter  prenom 
Filter  date_naissance 
Filter  adresse 
Filter  telephone 
Filter   
Filter  ancien_numero 
Filter   
Order col 0 identifiant_unique
Filter  nom_naissance 
Filter  nom 
Filter  prenom 
Filter  date_naissance 
Filter  adresse 
Filter  telephone 
Filter   
Filter  ancien_numero 
Filter   
Order col name date
<QuerySet []>
Order col name date
Order col name date
Order col 0 identifiant_unique
Filter  nom_naissance 
Filter  nom 
Filter  prenom 
Filter  date_naissance 
Filter  adresse 
Filter  telephone 
Filter   
Filter  ancien_numero 
Filter   
Order col name date
Requesting worklist item with study id 1.2.410.200001.1.13010.2688288675.1.20260611.1091420549.855.1
Not Found: /worklists/image/
Not Found: /worklists/image/
Not Found: /worklists/image/
Not Found: /worklists/image/
Not Found: /worklists/image/
Not Found: /worklists/image/
Not Found: /worklists/image/
Not Found: /worklists/image/
Not Found: /worklists/image/
Not Found: /worklists/image/
Not Found: /worklists/image/
Not Found: /worklists/image/
Not Found: /worklists/image/
Not Found: /worklists/image/
Not Found: /worklists/image/
Not Found: /worklists/image/
Not Found: /worklists/image/
Not Found: /worklists/image/
Not Found: /worklists/image/
Not Found: /worklists/image/
Not Found: /worklists/image/
Not Found: /worklists/image/
Not Found: /worklists/image/
Not Found: /worklists/image/
Not Found: /worklists/image/
Requesting worklist item with study id 1.2.410.200001.1.13010.2688288675.1.20260610.1153729855.146.1
WorklistItem with UID 1.2.410.200001.1.13010.2688288675.1.20260610.1153729855.146.1 not found
Requesting worklist item with study id 1.2.410.200001.1.13010.2688288675.1.20260610.1153729855.146.1
WorklistItem with UID 1.2.410.200001.1.13010.2688288675.1.20260610.1153729855.146.1 not found
Requesting worklist item with study id 1.2.410.200001.1.13010.2688288675.1.20260610.1153729855.146.1
WorklistItem with UID 1.2.410.200001.1.13010.2688288675.1.20260610.1153729855.146.1 not found
Requesting worklist item with study id 1.2.410.200001.1.13010.2688288675.1.20260610.1153729855.146.1
WorklistItem with UID 1.2.410.200001.1.13010.2688288675.1.20260610.1153729855.146.1 not found
Requesting worklist item with study id 1.2.410.200001.1.13010.2688288675.1.20260610.1153729855.146.1
WorklistItem with UID 1.2.410.200001.1.13010.2688288675.1.20260610.1153729855.146.1 not found
Requesting worklist item with study id 1.2.410.200001.1.13010.2688288675.1.20260610.1153729855.146.1
WorklistItem with UID 1.2.410.200001.1.13010.2688288675.1.20260610.1153729855.146.1 not found
Requesting worklist item with study id 1.2.410.200001.1.13010.2688288675.1.20260610.1163717239.593.1
WorklistItem with UID 1.2.410.200001.1.13010.2688288675.1.20260610.1163717239.593.1 not found
Requesting worklist item with study id 1.2.410.200001.1.13010.2688288675.1.20260610.1163717239.593.1
WorklistItem with UID 1.2.410.200001.1.13010.2688288675.1.20260610.1163717239.593.1 not found
Requesting worklist item with study id 1.2.410.200001.1.13010.2688288675.1.20260610.1163717239.593.1
WorklistItem with UID 1.2.410.200001.1.13010.2688288675.1.20260610.1163717239.593.1 not found
Requesting worklist item with study id 1.2.410.200001.1.13010.2688288675.1.20260610.1163717239.593.1
WorklistItem with UID 1.2.410.200001.1.13010.2688288675.1.20260610.1163717239.593.1 not found
Requesting worklist item with study id 1.2.410.200001.1.13010.2688288675.1.20260610.1163717239.593.1
WorklistItem with UID 1.2.410.200001.1.13010.2688288675.1.20260610.1163717239.593.1 not found
Requesting worklist item with study id 1.2.410.200001.1.13010.2688288675.1.20260610.1163717239.593.1
WorklistItem with UID 1.2.410.200001.1.13010.2688288675.1.20260610.1163717239.593.1 not found
Requesting worklist item with study id 1.2.410.200001.1.13010.2688288675.1.20260610.1163717239.593.1
WorklistItem with UID 1.2.410.200001.1.13010.2688288675.1.20260610.1163717239.593.1 not found
Requesting worklist item with study id 1.2.410.200001.1.13010.2688288675.1.20260610.1163717239.593.1
WorklistItem with UID 1.2.410.200001.1.13010.2688288675.1.20260610.1163717239.593.1 not found
Requesting worklist item with study id 1.2.410.200001.1.13010.2688288675.1.20260610.1163717239.593.1
WorklistItem with UID 1.2.410.200001.1.13010.2688288675.1.20260610.1163717239.593.1 not found
Requesting worklist item with study id 1.2.410.200001.1.13010.2688288675.1.20260610.1163717239.593.1
WorklistItem with UID 1.2.410.200001.1.13010.2688288675.1.20260610.1163717239.593.1 not found
Requesting worklist item with study id 1.2.410.200001.1.13010.2688288675.1.20260610.1163717239.593.1
WorklistItem with UID 1.2.410.200001.1.13010.2688288675.1.20260610.1163717239.593.1 not found
Requesting worklist item with study id 1.2.410.200001.1.13010.2688288675.1.20260610.1163717239.593.1
WorklistItem with UID 1.2.410.200001.1.13010.2688288675.1.20260610.1163717239.593.1 not found
Requesting worklist item with study id 1.2.410.200001.1.13010.2688288675.1.20260610.1163717239.593.1
WorklistItem with UID 1.2.410.200001.1.13010.2688288675.1.20260610.1163717239.593.1 not found
Requesting worklist item with study id 1.2.410.200001.1.13010.2688288675.1.20260610.1163717239.593.1
WorklistItem with UID 1.2.410.200001.1.13010.2688288675.1.20260610.1163717239.593.1 not found
Requesting worklist item with study id 1.2.410.200001.1.13010.2688288675.1.20260610.1172524395.410.1
WorklistItem with UID 1.2.410.200001.1.13010.2688288675.1.20260610.1172524395.410.1 not found
Requesting worklist item with study id 1.2.410.200001.1.13010.2688288675.1.20260610.1172524395.410.1
WorklistItem with UID 1.2.410.200001.1.13010.2688288675.1.20260610.1172524395.410.1 not found
Requesting worklist item with study id 1.2.410.200001.1.13010.2688288675.1.20260610.1172524395.410.1
WorklistItem with UID 1.2.410.200001.1.13010.2688288675.1.20260610.1172524395.410.1 not found
Requesting worklist item with study id 1.2.410.200001.1.13010.2688288675.1.20260610.1172524395.410.1
WorklistItem with UID 1.2.410.200001.1.13010.2688288675.1.20260610.1172524395.410.1 not found
Requesting worklist item with study id 1.2.410.200001.1.13010.2688288675.1.20260610.1172524395.410.1
WorklistItem with UID 1.2.410.200001.1.13010.2688288675.1.20260610.1172524395.410.1 not found
Requesting worklist item with study id 1.2.410.200001.1.13010.2688288675.1.20260610.1172524395.410.1
WorklistItem with UID 1.2.410.200001.1.13010.2688288675.1.20260610.1172524395.410.1 not found
Requesting worklist item with study id 1.2.410.200001.1.13010.2688288675.1.20260610.1172524395.410.1
WorklistItem with UID 1.2.410.200001.1.13010.2688288675.1.20260610.1172524395.410.1 not found
Requesting worklist item with study id 1.2.410.200001.1.13010.2688288675.1.20260610.1172524395.410.1
WorklistItem with UID 1.2.410.200001.1.13010.2688288675.1.20260610.1172524395.410.1 not found
Requesting worklist item with study id 1.2.410.200001.1.13010.2688288675.1.20260610.1172524395.410.1
WorklistItem with UID 1.2.410.200001.1.13010.2688288675.1.20260610.1172524395.410.1 not found
Requesting worklist item with study id 1.2.410.200001.1.13010.2688288675.1.20260610.1172524395.410.1
WorklistItem with UID 1.2.410.200001.1.13010.2688288675.1.20260610.1172524395.410.1 not found
Requesting worklist item with study id 1.2.410.200001.1.13010.2688288675.1.20260610.1172524395.410.1
WorklistItem with UID 1.2.410.200001.1.13010.2688288675.1.20260610.1172524395.410.1 not found
Requesting worklist item with study id 1.2.410.200001.1.13010.2688288675.1.20260610.1172524395.410.1
WorklistItem with UID 1.2.410.200001.1.13010.2688288675.1.20260610.1172524395.410.1 not found
Requesting worklist item with study id 1.2.410.200001.1.13010.2688288675.1.20260610.1172524395.410.1
WorklistItem with UID 1.2.410.200001.1.13010.2688288675.1.20260610.1172524395.410.1 not found
Requesting worklist item with study id 1.2.410.200001.1.13010.2688288675.1.20260610.1172524395.410.1
WorklistItem with UID 1.2.410.200001.1.13010.2688288675.1.20260610.1172524395.410.1 not found
Requesting worklist item with study id 1.2.410.200001.1.13010.2688288675.1.20260610.1172524395.410.1
WorklistItem with UID 1.2.410.200001.1.13010.2688288675.1.20260610.1172524395.410.1 not found
Order col name date
Order col name date
>>>>>>>>> resultat {}
Order col name date
>>>>>>>>> resultat {}
Requesting worklist item with study id 1.2.410.200001.1.13010.2688288675.1.20260611.1091420549.855.1
WorklistItem with UID 1.2.410.200001.1.13010.2688288675.1.20260611.1091420549.855.1 not found
Requesting worklist item with study id 1.2.410.200001.1.13010.2688288675.1.20260611.1091420549.855.1
WorklistItem with UID 1.2.410.200001.1.13010.2688288675.1.20260611.1091420549.855.1 not found
Requesting worklist item with study id 1.2.410.200001.1.13010.2688288675.1.20260611.1091420549.855.1
WorklistItem with UID 1.2.410.200001.1.13010.2688288675.1.20260611.1091420549.855.1 not found
Requesting worklist item with study id 1.2.410.200001.1.13010.2688288675.1.20260611.1091420549.855.1
WorklistItem with UID 1.2.410.200001.1.13010.2688288675.1.20260611.1091420549.855.1 not found
Requesting worklist item with study id 1.2.410.200001.1.13010.2688288675.1.20260611.1091420549.855.1
WorklistItem with UID 1.2.410.200001.1.13010.2688288675.1.20260611.1091420549.855.1 not found
Requesting worklist item with study id 1.2.410.200001.1.13010.2688288675.1.20260611.1091420549.855.1
WorklistItem with UID 1.2.410.200001.1.13010.2688288675.1.20260611.1091420549.855.1 not found
Not Found: /worklists/image/
Not Found: /worklists/image/
Not Found: /worklists/image/
Not Found: /worklists/image/
Not Found: /worklists/image/
Not Found: /worklists/image/
Not Found: /worklists/image/
Not Found: /worklists/image/
Not Found: /worklists/image/
Not Found: /worklists/image/
Not Found: /worklists/image/
Not Found: /worklists/image/
Not Found: /worklists/image/
Not Found: /worklists/image/
Not Found: /worklists/image/
Not Found: /worklists/image/
Not Found: /worklists/image/
Not Found: /worklists/image/
Not Found: /worklists/image/
Not Found: /worklists/image/
Not Found: /worklists/image/
Requesting worklist item with study id 1.2.410.200001.1.13010.2688288675.1.20260610.1163717239.593.1
WorklistItem with UID 1.2.410.200001.1.13010.2688288675.1.20260610.1163717239.593.1 not found
Requesting worklist item with study id 1.2.410.200001.1.13010.2688288675.1.20260610.1163717239.593.1
WorklistItem with UID 1.2.410.200001.1.13010.2688288675.1.20260610.1163717239.593.1 not found
Requesting worklist item with study id 1.2.410.200001.1.13010.2688288675.1.20260610.1163717239.593.1
WorklistItem with UID 1.2.410.200001.1.13010.2688288675.1.20260610.1163717239.593.1 not found
Requesting worklist item with study id 1.2.410.200001.1.13010.2688288675.1.20260610.1163717239.593.1
WorklistItem with UID 1.2.410.200001.1.13010.2688288675.1.20260610.1163717239.593.1 not found
Requesting worklist item with study id 1.2.410.200001.1.13010.2688288675.1.20260610.1163717239.593.1
WorklistItem with UID 1.2.410.200001.1.13010.2688288675.1.20260610.1163717239.593.1 not found
Requesting worklist item with study id 1.2.410.200001.1.13010.2688288675.1.20260610.1163717239.593.1
WorklistItem with UID 1.2.410.200001.1.13010.2688288675.1.20260610.1163717239.593.1 not found
Requesting worklist item with study id 1.2.410.200001.1.13010.2688288675.1.20260610.1163717239.593.1
WorklistItem with UID 1.2.410.200001.1.13010.2688288675.1.20260610.1163717239.593.1 not found
Requesting worklist item with study id 1.2.410.200001.1.13010.2688288675.1.20260610.1163717239.593.1
WorklistItem with UID 1.2.410.200001.1.13010.2688288675.1.20260610.1163717239.593.1 not found
Requesting worklist item with study id 1.2.410.200001.1.13010.2688288675.1.20260610.1163717239.593.1
WorklistItem with UID 1.2.410.200001.1.13010.2688288675.1.20260610.1163717239.593.1 not found
Requesting worklist item with study id 1.2.410.200001.1.13010.2688288675.1.20260610.1163717239.593.1
WorklistItem with UID 1.2.410.200001.1.13010.2688288675.1.20260610.1163717239.593.1 not found
Requesting worklist item with study id 1.2.410.200001.1.13010.2688288675.1.20260610.1163717239.593.1
WorklistItem with UID 1.2.410.200001.1.13010.2688288675.1.20260610.1163717239.593.1 not found
Requesting worklist item with study id 1.2.410.200001.1.13010.2688288675.1.20260610.1163717239.593.1
WorklistItem with UID 1.2.410.200001.1.13010.2688288675.1.20260610.1163717239.593.1 not found
Requesting worklist item with study id 1.2.410.200001.1.13010.2688288675.1.20260610.1172524395.410.1
WorklistItem with UID 1.2.410.200001.1.13010.2688288675.1.20260610.1172524395.410.1 not found
Requesting worklist item with study id 1.2.410.200001.1.13010.2688288675.1.20260610.1172524395.410.1
WorklistItem with UID 1.2.410.200001.1.13010.2688288675.1.20260610.1172524395.410.1 not found
Requesting worklist item with study id 1.2.410.200001.1.13010.2688288675.1.20260610.1172524395.410.1
WorklistItem with UID 1.2.410.200001.1.13010.2688288675.1.20260610.1172524395.410.1 not found
Requesting worklist item with study id 1.2.410.200001.1.13010.2688288675.1.20260610.1172524395.410.1
WorklistItem with UID 1.2.410.200001.1.13010.2688288675.1.20260610.1172524395.410.1 not found
Requesting worklist item with study id 1.2.410.200001.1.13010.2688288675.1.20260610.1172524395.410.1
WorklistItem with UID 1.2.410.200001.1.13010.2688288675.1.20260610.1172524395.410.1 not found
Requesting worklist item with study id 1.2.410.200001.1.13010.2688288675.1.20260610.1172524395.410.1
WorklistItem with UID 1.2.410.200001.1.13010.2688288675.1.20260610.1172524395.410.1 not found
Requesting worklist item with study id 1.2.410.200001.1.13010.2688288675.1.20260610.1172524395.410.1
WorklistItem with UID 1.2.410.200001.1.13010.2688288675.1.20260610.1172524395.410.1 not found
Requesting worklist item with study id 1.2.410.200001.1.13010.2688288675.1.20260610.1172524395.410.1
WorklistItem with UID 1.2.410.200001.1.13010.2688288675.1.20260610.1172524395.410.1 not found
Requesting worklist item with study id 1.2.410.200001.1.13010.2688288675.1.20260610.1172524395.410.1
WorklistItem with UID 1.2.410.200001.1.13010.2688288675.1.20260610.1172524395.410.1 not found
Requesting worklist item with study id 1.2.410.200001.1.13010.2688288675.1.20260610.1172524395.410.1
WorklistItem with UID 1.2.410.200001.1.13010.2688288675.1.20260610.1172524395.410.1 not found
Requesting worklist item with study id 1.2.410.200001.1.13010.2688288675.1.20260610.1172524395.410.1
WorklistItem with UID 1.2.410.200001.1.13010.2688288675.1.20260610.1172524395.410.1 not found
Requesting worklist item with study id 1.2.410.200001.1.13010.2688288675.1.20260610.1172524395.410.1
WorklistItem with UID 1.2.410.200001.1.13010.2688288675.1.20260610.1172524395.410.1 not found
Requesting worklist item with study id 1.2.410.200001.1.13010.2688288675.1.20260610.1172524395.410.1
WorklistItem with UID 1.2.410.200001.1.13010.2688288675.1.20260610.1172524395.410.1 not found
Requesting worklist item with study id 1.2.410.200001.1.13010.2688288675.1.20260610.1172524395.410.1
WorklistItem with UID 1.2.410.200001.1.13010.2688288675.1.20260610.1172524395.410.1 not found
Requesting worklist item with study id 1.2.410.200001.1.13010.2688288675.1.20260610.1172524395.410.1
WorklistItem with UID 1.2.410.200001.1.13010.2688288675.1.20260610.1172524395.410.1 not found
Requesting worklist item with study id 1.2.410.200001.1.13010.2688288675.1.20260610.1172524395.410.1
WorklistItem with UID 1.2.410.200001.1.13010.2688288675.1.20260610.1172524395.410.1 not found
Order col 0 identifiant_unique
Filter  nom_naissance 
Filter  nom 
Filter  prenom 
Filter  date_naissance 
Filter  adresse 
Filter  telephone 
Filter   
Filter  ancien_numero 
Filter   
Order col 0 identifiant_unique
Filter  nom_naissance 
Filter  nom 
Filter  prenom 
Filter  date_naissance 
Filter  adresse 
Filter  telephone 
Filter   
Filter  ancien_numero 
Filter   
Order col name date
Order col name date
Order col name date
>>>>>>>>> resultat {}
Order col name date
<QuerySet []>
Order col 0 identifiant_unique
Filter  nom_naissance 
Filter  nom 
Filter  prenom 
Filter  date_naissance 
Filter  adresse 
Filter  telephone 
Filter   
Filter  ancien_numero 
Filter   
<QuerySet []>
Order col name date
Requesting worklist item with study id 1.2.410.200001.1.13010.2688288675.1.20260611.1091420549.855.1
WorklistItem with UID 1.2.410.200001.1.13010.2688288675.1.20260611.1091420549.855.1 not found
Requesting worklist item with study id 1.2.410.200001.1.13010.2688288675.1.20260611.1091420549.855.1
WorklistItem with UID 1.2.410.200001.1.13010.2688288675.1.20260611.1091420549.855.1 not found
Requesting worklist item with study id 1.2.410.200001.1.13010.2688288675.1.20260611.1091420549.855.1
WorklistItem with UID 1.2.410.200001.1.13010.2688288675.1.20260611.1091420549.855.1 not found
Requesting worklist item with study id 1.2.410.200001.1.13010.2688288675.1.20260611.1091420549.855.1
WorklistItem with UID 1.2.410.200001.1.13010.2688288675.1.20260611.1091420549.855.1 not found
Requesting worklist item with study id 1.2.410.200001.1.13010.2688288675.1.20260611.1091420549.855.1
WorklistItem with UID 1.2.410.200001.1.13010.2688288675.1.20260611.1091420549.855.1 not found
Requesting worklist item with study id 1.2.410.200001.1.13010.2688288675.1.20260611.1091420549.855.1
WorklistItem with UID 1.2.410.200001.1.13010.2688288675.1.20260611.1091420549.855.1 not found
Requesting worklist item with study id 1.2.410.200001.1.13010.2688288675.1.20260611.1091420549.855.1
WorklistItem with UID 1.2.410.200001.1.13010.2688288675.1.20260611.1091420549.855.1 not found
Requesting worklist item with study id 1.2.410.200001.1.13010.2688288675.1.20260611.1094157589.812.1
WorklistItem with UID 1.2.410.200001.1.13010.2688288675.1.20260611.1094157589.812.1 not found
Requesting worklist item with study id 1.2.410.200001.1.13010.2688288675.1.20260611.1094157589.812.1
WorklistItem with UID 1.2.410.200001.1.13010.2688288675.1.20260611.1094157589.812.1 not found
Requesting worklist item with study id 1.2.410.200001.1.13010.2688288675.1.20260611.1100605988.752.1
WorklistItem with UID 1.2.410.200001.1.13010.2688288675.1.20260611.1100605988.752.1 not found
Not Found: /worklists/image/
Not Found: /worklists/image/
Not Found: /worklists/image/
Not Found: /worklists/image/
Not Found: /worklists/image/
Not Found: /worklists/image/
Not Found: /worklists/image/
Not Found: /worklists/image/
Not Found: /worklists/image/
Not Found: /worklists/image/
Not Found: /worklists/image/
Not Found: /worklists/image/
Not Found: /worklists/image/
Not Found: /worklists/image/
Not Found: /worklists/image/
Not Found: /worklists/image/
Not Found: /worklists/image/
Not Found: /worklists/image/
Not Found: /worklists/image/
Not Found: /worklists/image/
Invalid HTTP_HOST header: '129.121.75.225:8001'. You may need to add '129.121.75.225' to ALLOWED_HOSTS.
Traceback (most recent call last):
  File "/usr/local/lib/python3.9/site-packages/django/core/handlers/exception.py", line 55, in inner
    response = get_response(request)
  File "/usr/local/lib/python3.9/site-packages/django/utils/deprecation.py", line 133, in __call__
    response = self.process_request(request)
  File "/usr/local/lib/python3.9/site-packages/django/middleware/common.py", line 48, in process_request
    host = request.get_host()
  File "/usr/local/lib/python3.9/site-packages/django/http/request.py", line 150, in get_host
    raise DisallowedHost(msg)
django.core.exceptions.DisallowedHost: Invalid HTTP_HOST header: '129.121.75.225:8001'. You may need to add '129.121.75.225' to ALLOWED_HOSTS.
Requesting worklist item with study id 1.2.410.200001.1.13010.2688288675.1.20260610.1163717239.593.1
WorklistItem with UID 1.2.410.200001.1.13010.2688288675.1.20260610.1163717239.593.1 not found
Requesting worklist item with study id 1.2.410.200001.1.13010.2688288675.1.20260610.1163717239.593.1
WorklistItem with UID 1.2.410.200001.1.13010.2688288675.1.20260610.1163717239.593.1 not found
Requesting worklist item with study id 1.2.410.200001.1.13010.2688288675.1.20260610.1163717239.593.1
WorklistItem with UID 1.2.410.200001.1.13010.2688288675.1.20260610.1163717239.593.1 not found
Requesting worklist item with study id 1.2.410.200001.1.13010.2688288675.1.20260610.1163717239.593.1
WorklistItem with UID 1.2.410.200001.1.13010.2688288675.1.20260610.1163717239.593.1 not found
Requesting worklist item with study id 1.2.410.200001.1.13010.2688288675.1.20260610.1163717239.593.1
WorklistItem with UID 1.2.410.200001.1.13010.2688288675.1.20260610.1163717239.593.1 not found
Requesting worklist item with study id 1.2.410.200001.1.13010.2688288675.1.20260610.1163717239.593.1
WorklistItem with UID 1.2.410.200001.1.13010.2688288675.1.20260610.1163717239.593.1 not found
Requesting worklist item with study id 1.2.410.200001.1.13010.2688288675.1.20260610.1163717239.593.1
WorklistItem with UID 1.2.410.200001.1.13010.2688288675.1.20260610.1163717239.593.1 not found
Requesting worklist item with study id 1.2.410.200001.1.13010.2688288675.1.20260610.1163717239.593.1
WorklistItem with UID 1.2.410.200001.1.13010.2688288675.1.20260610.1163717239.593.1 not found
Requesting worklist item with study id 1.2.410.200001.1.13010.2688288675.1.20260610.1163717239.593.1
WorklistItem with UID 1.2.410.200001.1.13010.2688288675.1.20260610.1163717239.593.1 not found
Requesting worklist item with study id 1.2.410.200001.1.13010.2688288675.1.20260610.1172524395.410.1
WorklistItem with UID 1.2.410.200001.1.13010.2688288675.1.20260610.1172524395.410.1 not found
Requesting worklist item with study id 1.2.410.200001.1.13010.2688288675.1.20260610.1172524395.410.1
WorklistItem with UID 1.2.410.200001.1.13010.2688288675.1.20260610.1172524395.410.1 not found
Requesting worklist item with study id 1.2.410.200001.1.13010.2688288675.1.20260610.1172524395.410.1
WorklistItem with UID 1.2.410.200001.1.13010.2688288675.1.20260610.1172524395.410.1 not found
Requesting worklist item with study id 1.2.410.200001.1.13010.2688288675.1.20260610.1172524395.410.1
WorklistItem with UID 1.2.410.200001.1.13010.2688288675.1.20260610.1172524395.410.1 not found
Requesting worklist item with study id 1.2.410.200001.1.13010.2688288675.1.20260610.1172524395.410.1
WorklistItem with UID 1.2.410.200001.1.13010.2688288675.1.20260610.1172524395.410.1 not found
Requesting worklist item with study id 1.2.410.200001.1.13010.2688288675.1.20260610.1172524395.410.1
WorklistItem with UID 1.2.410.200001.1.13010.2688288675.1.20260610.1172524395.410.1 not found
Requesting worklist item with study id 1.2.410.200001.1.13010.2688288675.1.20260610.1172524395.410.1
WorklistItem with UID 1.2.410.200001.1.13010.2688288675.1.20260610.1172524395.410.1 not found
Requesting worklist item with study id 1.2.410.200001.1.13010.2688288675.1.20260610.1172524395.410.1
WorklistItem with UID 1.2.410.200001.1.13010.2688288675.1.20260610.1172524395.410.1 not found
Requesting worklist item with study id 1.2.410.200001.1.13010.2688288675.1.20260610.1172524395.410.1
WorklistItem with UID 1.2.410.200001.1.13010.2688288675.1.20260610.1172524395.410.1 not found
Requesting worklist item with study id 1.2.410.200001.1.13010.2688288675.1.20260610.1172524395.410.1
WorklistItem with UID 1.2.410.200001.1.13010.2688288675.1.20260610.1172524395.410.1 not found
Requesting worklist item with study id 1.2.410.200001.1.13010.2688288675.1.20260610.1172524395.410.1
WorklistItem with UID 1.2.410.200001.1.13010.2688288675.1.20260610.1172524395.410.1 not found
Requesting worklist item with study id 1.2.410.200001.1.13010.2688288675.1.20260610.1172524395.410.1
WorklistItem with UID 1.2.410.200001.1.13010.2688288675.1.20260610.1172524395.410.1 not found
Requesting worklist item with study id 1.2.410.200001.1.13010.2688288675.1.20260610.1172524395.410.1
WorklistItem with UID 1.2.410.200001.1.13010.2688288675.1.20260610.1172524395.410.1 not found
Requesting worklist item with study id 1.2.410.200001.1.13010.2688288675.1.20260610.1172524395.410.1
WorklistItem with UID 1.2.410.200001.1.13010.2688288675.1.20260610.1172524395.410.1 not found
Requesting worklist item with study id 1.2.410.200001.1.13010.2688288675.1.20260610.1172524395.410.1
WorklistItem with UID 1.2.410.200001.1.13010.2688288675.1.20260610.1172524395.410.1 not found
Requesting worklist item with study id 1.2.410.200001.1.13010.2688288675.1.20260610.1172524395.410.1
WorklistItem with UID 1.2.410.200001.1.13010.2688288675.1.20260610.1172524395.410.1 not found
Requesting worklist item with study id 1.2.410.200001.1.13010.2688288675.1.20260610.1172524395.410.1
WorklistItem with UID 1.2.410.200001.1.13010.2688288675.1.20260610.1172524395.410.1 not found
Requesting worklist item with study id 1.2.410.200001.1.13010.2688288675.1.20260610.1172524395.410.1
WorklistItem with UID 1.2.410.200001.1.13010.2688288675.1.20260610.1172524395.410.1 not found
Order col name date
Order col name date
Requesting worklist item with study id 1.2.410.200001.1.13010.2688288675.1.20260611.1091420549.855.1
WorklistItem with UID 1.2.410.200001.1.13010.2688288675.1.20260611.1091420549.855.1 not found
Requesting worklist item with study id 1.2.410.200001.1.13010.2688288675.1.20260611.1091420549.855.1
WorklistItem with UID 1.2.410.200001.1.13010.2688288675.1.20260611.1091420549.855.1 not found
Requesting worklist item with study id 1.2.410.200001.1.13010.2688288675.1.20260611.1091420549.855.1
WorklistItem with UID 1.2.410.200001.1.13010.2688288675.1.20260611.1091420549.855.1 not found
Requesting worklist item with study id 1.2.410.200001.1.13010.2688288675.1.20260611.1091420549.855.1
WorklistItem with UID 1.2.410.200001.1.13010.2688288675.1.20260611.1091420549.855.1 not found
Requesting worklist item with study id 1.2.410.200001.1.13010.2688288675.1.20260611.1091420549.855.1
WorklistItem with UID 1.2.410.200001.1.13010.2688288675.1.20260611.1091420549.855.1 not found
Requesting worklist item with study id 1.2.410.200001.1.13010.2688288675.1.20260611.1091420549.855.1
WorklistItem with UID 1.2.410.200001.1.13010.2688288675.1.20260611.1091420549.855.1 not found
Requesting worklist item with study id 1.2.410.200001.1.13010.2688288675.1.20260611.1091420549.855.1
WorklistItem with UID 1.2.410.200001.1.13010.2688288675.1.20260611.1091420549.855.1 not found
Requesting worklist item with study id 1.2.410.200001.1.13010.2688288675.1.20260611.1091420549.855.1
WorklistItem with UID 1.2.410.200001.1.13010.2688288675.1.20260611.1091420549.855.1 not found
Requesting worklist item with study id 1.2.410.200001.1.13010.2688288675.1.20260611.1094157589.812.1
WorklistItem with UID 1.2.410.200001.1.13010.2688288675.1.20260611.1094157589.812.1 not found
Requesting worklist item with study id 1.2.410.200001.1.13010.2688288675.1.20260611.1100605988.752.1
WorklistItem with UID 1.2.410.200001.1.13010.2688288675.1.20260611.1100605988.752.1 not found
Requesting worklist item with study id 1.2.410.200001.1.13010.2688288675.1.20260611.1100605988.752.1
WorklistItem with UID 1.2.410.200001.1.13010.2688288675.1.20260611.1100605988.752.1 not found
Requesting worklist item with study id 1.2.410.200001.1.13010.2688288675.1.20260611.1105901484.956.1
WorklistItem with UID 1.2.410.200001.1.13010.2688288675.1.20260611.1105901484.956.1 not found
Requesting worklist item with study id 1.2.410.200001.1.13010.2688288675.1.20260611.1105901484.956.1
WorklistItem with UID 1.2.410.200001.1.13010.2688288675.1.20260611.1105901484.956.1 not found
Requesting worklist item with study id 1.2.410.200001.1.13010.2688288675.1.20260611.1105901484.956.1
WorklistItem with UID 1.2.410.200001.1.13010.2688288675.1.20260611.1105901484.956.1 not found
Requesting worklist item with study id 1.2.410.200001.1.13010.2688288675.1.20260611.1115335011.939.1
Not Found: /worklists/image/
Not Found: /worklists/image/
Not Found: /worklists/image/
Not Found: /worklists/image/
Not Found: /worklists/image/
Not Found: /worklists/image/
Not Found: /worklists/image/
Not Found: /worklists/image/
Not Found: /worklists/image/
Not Found: /worklists/image/
Not Found: /worklists/image/
Not Found: /worklists/image/
Not Found: /worklists/image/
Not Found: /worklists/image/
Not Found: /worklists/image/
Not Found: /worklists/image/
Not Found: /worklists/image/
Not Found: /worklists/image/
Not Found: /worklists/image/
Not Found: /worklists/image/
Not Found: /worklists/image/
Not Found: /worklists/image/
Not Found: /worklists/image/
Not Found: /worklists/image/
Not Found: /worklists/image/
Not Found: /worklists/image/
Not Found: /worklists/image/
Not Found: /worklists/image/
Not Found: /worklists/image/
Not Found: /worklists/image/
Not Found: /worklists/image/
Not Found: /worklists/image/
Not Found: /worklists/image/
Not Found: /worklists/image/
Not Found: /worklists/image/
Not Found: /worklists/image/
Not Found: /worklists/image/
Invalid HTTP_HOST header: '129.121.75.225'. You may need to add '129.121.75.225' to ALLOWED_HOSTS.
Traceback (most recent call last):
  File "/usr/local/lib/python3.9/site-packages/django/core/handlers/exception.py", line 55, in inner
    response = get_response(request)
  File "/usr/local/lib/python3.9/site-packages/django/utils/deprecation.py", line 133, in __call__
    response = self.process_request(request)
  File "/usr/local/lib/python3.9/site-packages/django/middleware/common.py", line 48, in process_request
    host = request.get_host()
  File "/usr/local/lib/python3.9/site-packages/django/http/request.py", line 150, in get_host
    raise DisallowedHost(msg)
django.core.exceptions.DisallowedHost: Invalid HTTP_HOST header: '129.121.75.225'. You may need to add '129.121.75.225' to ALLOWED_HOSTS.
Invalid HTTP_HOST header: '129.121.75.225:8001'. You may need to add '129.121.75.225' to ALLOWED_HOSTS.
Traceback (most recent call last):
  File "/usr/local/lib/python3.9/site-packages/django/core/handlers/exception.py", line 55, in inner
    response = get_response(request)
  File "/usr/local/lib/python3.9/site-packages/django/utils/deprecation.py", line 133, in __call__
    response = self.process_request(request)
  File "/usr/local/lib/python3.9/site-packages/django/middleware/common.py", line 48, in process_request
    host = request.get_host()
  File "/usr/local/lib/python3.9/site-packages/django/http/request.py", line 150, in get_host
    raise DisallowedHost(msg)
django.core.exceptions.DisallowedHost: Invalid HTTP_HOST header: '129.121.75.225:8001'. You may need to add '129.121.75.225' to ALLOWED_HOSTS.
Not Found: /worklists/image/
Not Found: /worklists/image/
Not Found: /worklists/image/
Not Found: /worklists/image/
Not Found: /worklists/image/
Not Found: /worklists/image/
Not Found: /worklists/image/
Not Found: /worklists/image/
[2026-06-11 12:07:56 +0000] [1260764] [INFO] Handling signal: hup
[2026-06-11 12:07:56 +0000] [1260764] [INFO] Hang up: Master
[2026-06-11 12:07:56 +0000] [1339284] [INFO] Booting worker with pid: 1339284
[2026-06-11 12:07:56 +0000] [1339285] [INFO] Booting worker with pid: 1339285
[2026-06-11 12:07:56 +0000] [1339286] [INFO] Booting worker with pid: 1339286
[2026-06-11 12:07:56 +0000] [1339287] [INFO] Booting worker with pid: 1339287
[2026-06-11 13:07:56 +0100] [1296739] [INFO] Worker exiting (pid: 1296739)
[2026-06-11 13:07:56 +0100] [1296693] [INFO] Worker exiting (pid: 1296693)
[2026-06-11 13:07:56 +0100] [1296690] [INFO] Worker exiting (pid: 1296690)
[2026-06-11 13:07:56 +0100] [1296740] [INFO] Worker exiting (pid: 1296740)
Requesting worklist item with study id 1.2.410.200001.1.13010.2688288675.1.20260611.1091420549.855.1
WorklistItem with UID 1.2.410.200001.1.13010.2688288675.1.20260611.1091420549.855.1 not found
Requesting worklist item with study id 1.2.410.200001.1.13010.2688288675.1.20260611.1091420549.855.1
WorklistItem with UID 1.2.410.200001.1.13010.2688288675.1.20260611.1091420549.855.1 not found
Requesting worklist item with study id 1.2.410.200001.1.13010.2688288675.1.20260611.1094157589.812.1
WorklistItem with UID 1.2.410.200001.1.13010.2688288675.1.20260611.1094157589.812.1 not found
Requesting worklist item with study id 1.2.410.200001.1.13010.2688288675.1.20260611.1094157589.812.1
WorklistItem with UID 1.2.410.200001.1.13010.2688288675.1.20260611.1094157589.812.1 not found
Requesting worklist item with study id 1.2.410.200001.1.13010.2688288675.1.20260611.1100605988.752.1
WorklistItem with UID 1.2.410.200001.1.13010.2688288675.1.20260611.1100605988.752.1 not found
Requesting worklist item with study id 1.2.410.200001.1.13010.2688288675.1.20260611.1100605988.752.1
WorklistItem with UID 1.2.410.200001.1.13010.2688288675.1.20260611.1100605988.752.1 not found
Requesting worklist item with study id 1.2.410.200001.1.13010.2688288675.1.20260611.1100605988.752.1
WorklistItem with UID 1.2.410.200001.1.13010.2688288675.1.20260611.1100605988.752.1 not found
Requesting worklist item with study id 1.2.410.200001.1.13010.2688288675.1.20260611.1103324247.885.1
WorklistItem with UID 1.2.410.200001.1.13010.2688288675.1.20260611.1103324247.885.1 not found
Requesting worklist item with study id 1.2.410.200001.1.13010.2688288675.1.20260611.1105901484.956.1
WorklistItem with UID 1.2.410.200001.1.13010.2688288675.1.20260611.1105901484.956.1 not found
Requesting worklist item with study id 1.2.410.200001.1.13010.2688288675.1.20260611.1105901484.956.1
WorklistItem with UID 1.2.410.200001.1.13010.2688288675.1.20260611.1105901484.956.1 not found
Requesting worklist item with study id 1.2.410.200001.1.13010.2688288675.1.20260611.1105901484.956.1
WorklistItem with UID 1.2.410.200001.1.13010.2688288675.1.20260611.1105901484.956.1 not found
Requesting worklist item with study id 1.2.410.200001.1.13010.2688288675.1.20260611.1114011733.780.1
WorklistItem with UID 1.2.410.200001.1.13010.2688288675.1.20260611.1114011733.780.1 not found
Requesting worklist item with study id 1.2.410.200001.1.13010.2688288675.1.20260611.1115335011.939.1
WorklistItem with UID 1.2.410.200001.1.13010.2688288675.1.20260611.1115335011.939.1 not found
Requesting worklist item with study id 1.2.410.200001.1.13010.2688288675.1.20260611.1115335011.939.1
WorklistItem with UID 1.2.410.200001.1.13010.2688288675.1.20260611.1115335011.939.1 not found
Requesting worklist item with study id 1.2.410.200001.1.13010.2688288675.1.20260611.1115335011.939.1
WorklistItem with UID 1.2.410.200001.1.13010.2688288675.1.20260611.1115335011.939.1 not found
Requesting worklist item with study id 1.2.410.200001.1.13010.2688288675.1.20260611.1115335011.939.1
WorklistItem with UID 1.2.410.200001.1.13010.2688288675.1.20260611.1115335011.939.1 not found
Requesting worklist item with study id 1.2.410.200001.1.13010.2688288675.1.20260611.1115335011.939.1
WorklistItem with UID 1.2.410.200001.1.13010.2688288675.1.20260611.1115335011.939.1 not found
Requesting worklist item with study id 1.2.410.200001.1.13010.2688288675.1.20260611.1115335011.939.1
WorklistItem with UID 1.2.410.200001.1.13010.2688288675.1.20260611.1115335011.939.1 not found
Requesting worklist item with study id 1.2.410.200001.1.13010.2688288675.1.20260611.1115335011.939.1
WorklistItem with UID 1.2.410.200001.1.13010.2688288675.1.20260611.1115335011.939.1 not found
Requesting worklist item with study id 1.2.410.200001.1.13010.2688288675.1.20260611.1115335011.939.1
WorklistItem with UID 1.2.410.200001.1.13010.2688288675.1.20260611.1115335011.939.1 not found
Order col name date
Order col name date
>>>>>>>>> resultat {}
<QuerySet []>
<QuerySet []>
Requesting worklist item with study id 1.2.410.200001.1.13010.2688288675.1.20260611.1115335011.939.1
WorklistItem with UID 1.2.410.200001.1.13010.2688288675.1.20260611.1115335011.939.1 not found
Requesting worklist item with study id 1.2.410.200001.1.13010.2688288675.1.20260611.1115335011.939.1
WorklistItem with UID 1.2.410.200001.1.13010.2688288675.1.20260611.1115335011.939.1 not found
Requesting worklist item with study id 1.2.410.200001.1.13010.2688288675.1.20260611.1115335011.939.1
WorklistItem with UID 1.2.410.200001.1.13010.2688288675.1.20260611.1115335011.939.1 not found
<QuerySet []>
<QuerySet []>
<QuerySet []>
<QuerySet []>
<QuerySet []>
<QuerySet []>
<QuerySet []>
<QuerySet []>
<QuerySet []>
<QuerySet []>
<QuerySet []>
<QuerySet []>
<QuerySet []>
<QuerySet []>
<QuerySet []>
Requesting worklist item with study id 1.2.410.200001.1.13010.2688288675.1.20260611.1124211652.601.1
WorklistItem with UID 1.2.410.200001.1.13010.2688288675.1.20260611.1124211652.601.1 not found
Requesting worklist item with study id 1.2.410.200001.1.13010.2688288675.1.20260611.1124211652.601.1
WorklistItem with UID 1.2.410.200001.1.13010.2688288675.1.20260611.1124211652.601.1 not found
<QuerySet []>
<QuerySet []>
<QuerySet []>
<QuerySet []>
<QuerySet []>
<QuerySet []>
<QuerySet []>
<QuerySet []>
<QuerySet []>
<QuerySet []>
<QuerySet []>
<QuerySet []>
<QuerySet []>
<QuerySet []>
<QuerySet []>
<QuerySet []>
<QuerySet []>
<QuerySet []>
<QuerySet []>
<QuerySet []>
<QuerySet []>
<QuerySet []>
<QuerySet []>
<QuerySet []>
<QuerySet []>
<QuerySet []>
<QuerySet []>
<QuerySet []>
<QuerySet []>
Requesting worklist item with study id 1.2.410.200001.1.13010.2688288675.1.20260611.1125911492.648.1
WorklistItem with UID 1.2.410.200001.1.13010.2688288675.1.20260611.1125911492.648.1 not found
WorklistItem with UID 1.2.410.200001.1.13010.2688288675.1.20260611.1091420549.855.1 not found
Requesting worklist item with study id 1.2.410.200001.1.13010.2688288675.1.20260611.1091420549.855.1
WorklistItem with UID 1.2.410.200001.1.13010.2688288675.1.20260611.1091420549.855.1 not found
Requesting worklist item with study id 1.2.410.200001.1.13010.2688288675.1.20260611.1091420549.855.1
WorklistItem with UID 1.2.410.200001.1.13010.2688288675.1.20260611.1091420549.855.1 not found
Requesting worklist item with study id 1.2.410.200001.1.13010.2688288675.1.20260611.1091420549.855.1
WorklistItem with UID 1.2.410.200001.1.13010.2688288675.1.20260611.1091420549.855.1 not found
Requesting worklist item with study id 1.2.410.200001.1.13010.2688288675.1.20260611.1091420549.855.1
WorklistItem with UID 1.2.410.200001.1.13010.2688288675.1.20260611.1091420549.855.1 not found
Requesting worklist item with study id 1.2.410.200001.1.13010.2688288675.1.20260611.1091420549.855.1
WorklistItem with UID 1.2.410.200001.1.13010.2688288675.1.20260611.1091420549.855.1 not found
Requesting worklist item with study id 1.2.410.200001.1.13010.2688288675.1.20260611.1091420549.855.1
WorklistItem with UID 1.2.410.200001.1.13010.2688288675.1.20260611.1091420549.855.1 not found
Requesting worklist item with study id 1.2.410.200001.1.13010.2688288675.1.20260611.1091420549.855.1
WorklistItem with UID 1.2.410.200001.1.13010.2688288675.1.20260611.1091420549.855.1 not found
Requesting worklist item with study id 1.2.410.200001.1.13010.2688288675.1.20260611.1091420549.855.1
WorklistItem with UID 1.2.410.200001.1.13010.2688288675.1.20260611.1091420549.855.1 not found
Requesting worklist item with study id 1.2.410.200001.1.13010.2688288675.1.20260611.1091420549.855.1
WorklistItem with UID 1.2.410.200001.1.13010.2688288675.1.20260611.1091420549.855.1 not found
Requesting worklist item with study id 1.2.410.200001.1.13010.2688288675.1.20260611.1091420549.855.1
WorklistItem with UID 1.2.410.200001.1.13010.2688288675.1.20260611.1091420549.855.1 not found
Requesting worklist item with study id 1.2.410.200001.1.13010.2688288675.1.20260611.1094157589.812.1
WorklistItem with UID 1.2.410.200001.1.13010.2688288675.1.20260611.1094157589.812.1 not found
Requesting worklist item with study id 1.2.410.200001.1.13010.2688288675.1.20260611.1100605988.752.1
WorklistItem with UID 1.2.410.200001.1.13010.2688288675.1.20260611.1100605988.752.1 not found
Requesting worklist item with study id 1.2.410.200001.1.13010.2688288675.1.20260611.1100605988.752.1
WorklistItem with UID 1.2.410.200001.1.13010.2688288675.1.20260611.1100605988.752.1 not found
Requesting worklist item with study id 1.2.410.200001.1.13010.2688288675.1.20260611.1100605988.752.1
WorklistItem with UID 1.2.410.200001.1.13010.2688288675.1.20260611.1100605988.752.1 not found
Requesting worklist item with study id 1.2.410.200001.1.13010.2688288675.1.20260611.1103324247.885.1
WorklistItem with UID 1.2.410.200001.1.13010.2688288675.1.20260611.1103324247.885.1 not found
Requesting worklist item with study id 1.2.410.200001.1.13010.2688288675.1.20260611.1105901484.956.1
WorklistItem with UID 1.2.410.200001.1.13010.2688288675.1.20260611.1105901484.956.1 not found
Requesting worklist item with study id 1.2.410.200001.1.13010.2688288675.1.20260611.1113050889.969.1
WorklistItem with UID 1.2.410.200001.1.13010.2688288675.1.20260611.1113050889.969.1 not found
Requesting worklist item with study id 1.2.410.200001.1.13010.2688288675.1.20260611.1115335011.939.1
WorklistItem with UID 1.2.410.200001.1.13010.2688288675.1.20260611.1115335011.939.1 not found
Requesting worklist item with study id 1.2.410.200001.1.13010.2688288675.1.20260611.1115335011.939.1
WorklistItem with UID 1.2.410.200001.1.13010.2688288675.1.20260611.1115335011.939.1 not found
Requesting worklist item with study id 1.2.410.200001.1.13010.2688288675.1.20260611.1115335011.939.1
WorklistItem with UID 1.2.410.200001.1.13010.2688288675.1.20260611.1115335011.939.1 not found
Requesting worklist item with study id 1.2.410.200001.1.13010.2688288675.1.20260611.1115335011.939.1
WorklistItem with UID 1.2.410.200001.1.13010.2688288675.1.20260611.1115335011.939.1 not found
Requesting worklist item with study id 1.2.410.200001.1.13010.2688288675.1.20260611.1115335011.939.1
WorklistItem with UID 1.2.410.200001.1.13010.2688288675.1.20260611.1115335011.939.1 not found
Requesting worklist item with study id 1.2.410.200001.1.13010.2688288675.1.20260611.1115335011.939.1
WorklistItem with UID 1.2.410.200001.1.13010.2688288675.1.20260611.1115335011.939.1 not found
Requesting worklist item with study id 1.2.410.200001.1.13010.2688288675.1.20260611.1115335011.939.1
WorklistItem with UID 1.2.410.200001.1.13010.2688288675.1.20260611.1115335011.939.1 not found
Order col name date
Order col name date
Requesting worklist item with study id 1.2.410.200001.1.13010.2688288675.1.20260611.1115335011.939.1
WorklistItem with UID 1.2.410.200001.1.13010.2688288675.1.20260611.1115335011.939.1 not found
Requesting worklist item with study id 1.2.410.200001.1.13010.2688288675.1.20260611.1115335011.939.1
WorklistItem with UID 1.2.410.200001.1.13010.2688288675.1.20260611.1115335011.939.1 not found
>>>>>>>>> resultat {}
<QuerySet []>
<QuerySet []>
<QuerySet []>
<QuerySet []>
<QuerySet []>
<QuerySet []>
<QuerySet []>
<QuerySet []>
<QuerySet []>
<QuerySet []>
<QuerySet []>
Requesting worklist item with study id 1.2.410.200001.1.13010.2688288675.1.20260611.1115335011.939.1
WorklistItem with UID 1.2.410.200001.1.13010.2688288675.1.20260611.1115335011.939.1 not found
<QuerySet []>
<QuerySet []>
<QuerySet []>
<QuerySet []>
<QuerySet []>
<QuerySet []>
<QuerySet []>
<QuerySet []>
<QuerySet []>
<QuerySet []>
<QuerySet []>
<QuerySet []>
<QuerySet []>
<QuerySet []>
<QuerySet []>
<QuerySet []>
<QuerySet []>
<QuerySet []>
<QuerySet []>
<QuerySet []>
<QuerySet []>
<QuerySet []>
<QuerySet []>
<QuerySet []>
<QuerySet []>
<QuerySet []>
<QuerySet []>
<QuerySet []>
<QuerySet []>
<QuerySet []>
<QuerySet []>
<QuerySet []>
<QuerySet []>
<QuerySet []>
<QuerySet []>
<QuerySet []>
<QuerySet []>
<QuerySet []>
<QuerySet []>
<QuerySet []>
<QuerySet []>
<QuerySet []>
<QuerySet []>
<QuerySet []>
<QuerySet []>
<QuerySet []>
<QuerySet []>
<QuerySet []>
<QuerySet []>
<QuerySet []>
<QuerySet []>
<QuerySet []>
Requesting worklist item with study id 1.2.410.200001.1.13010.2688288675.1.20260611.1100605988.752.1
WorklistItem with UID 1.2.410.200001.1.13010.2688288675.1.20260611.1100605988.752.1 not found
Requesting worklist item with study id 1.2.410.200001.1.13010.2688288675.1.20260611.1103324247.885.1
WorklistItem with UID 1.2.410.200001.1.13010.2688288675.1.20260611.1103324247.885.1 not found
Requesting worklist item with study id 1.2.410.200001.1.13010.2688288675.1.20260611.1105901484.956.1
WorklistItem with UID 1.2.410.200001.1.13010.2688288675.1.20260611.1105901484.956.1 not found
Requesting worklist item with study id 1.2.410.200001.1.13010.2688288675.1.20260611.1105901484.956.1
WorklistItem with UID 1.2.410.200001.1.13010.2688288675.1.20260611.1105901484.956.1 not found
Requesting worklist item with study id 1.2.410.200001.1.13010.2688288675.1.20260611.1105901484.956.1
WorklistItem with UID 1.2.410.200001.1.13010.2688288675.1.20260611.1105901484.956.1 not found
Requesting worklist item with study id 1.2.410.200001.1.13010.2688288675.1.20260611.1113050889.969.1
WorklistItem with UID 1.2.410.200001.1.13010.2688288675.1.20260611.1113050889.969.1 not found
Requesting worklist item with study id 1.2.410.200001.1.13010.2688288675.1.20260611.1115335011.939.1
WorklistItem with UID 1.2.410.200001.1.13010.2688288675.1.20260611.1115335011.939.1 not found
Requesting worklist item with study id 1.2.410.200001.1.13010.2688288675.1.20260611.1115335011.939.1
WorklistItem with UID 1.2.410.200001.1.13010.2688288675.1.20260611.1115335011.939.1 not found
Requesting worklist item with study id 1.2.410.200001.1.13010.2688288675.1.20260611.1115335011.939.1
WorklistItem with UID 1.2.410.200001.1.13010.2688288675.1.20260611.1115335011.939.1 not found
Requesting worklist item with study id 1.2.410.200001.1.13010.2688288675.1.20260611.1115335011.939.1
WorklistItem with UID 1.2.410.200001.1.13010.2688288675.1.20260611.1115335011.939.1 not found
Requesting worklist item with study id 1.2.410.200001.1.13010.2688288675.1.20260611.1115335011.939.1
WorklistItem with UID 1.2.410.200001.1.13010.2688288675.1.20260611.1115335011.939.1 not found
Requesting worklist item with study id 1.2.410.200001.1.13010.2688288675.1.20260611.1115335011.939.1
WorklistItem with UID 1.2.410.200001.1.13010.2688288675.1.20260611.1115335011.939.1 not found
Requesting worklist item with study id 1.2.410.200001.1.13010.2688288675.1.20260611.1115335011.939.1
WorklistItem with UID 1.2.410.200001.1.13010.2688288675.1.20260611.1115335011.939.1 not found
Requesting worklist item with study id 1.2.410.200001.1.13010.2688288675.1.20260611.1115335011.939.1
WorklistItem with UID 1.2.410.200001.1.13010.2688288675.1.20260611.1115335011.939.1 not found
<QuerySet []>
<QuerySet []>
<QuerySet []>
<QuerySet []>
<QuerySet []>
<QuerySet []>
<QuerySet []>
<QuerySet []>
<QuerySet []>
<QuerySet []>
<QuerySet []>
<QuerySet []>
<QuerySet []>
<QuerySet []>
<QuerySet []>
<QuerySet []>
<QuerySet []>
<QuerySet []>
<QuerySet []>
<QuerySet []>
<QuerySet []>
<QuerySet []>
<QuerySet []>
<QuerySet []>
Requesting worklist item with study id 1.2.410.200001.1.13010.2688288675.1.20260611.1124211652.601.1
WorklistItem with UID 1.2.410.200001.1.13010.2688288675.1.20260611.1124211652.601.1 not found
Requesting worklist item with study id 1.2.410.200001.1.13010.2688288675.1.20260611.1124211652.601.1
WorklistItem with UID 1.2.410.200001.1.13010.2688288675.1.20260611.1124211652.601.1 not found
Requesting worklist item with study id 1.2.410.200001.1.13010.2688288675.1.20260611.1124211652.601.1
WorklistItem with UID 1.2.410.200001.1.13010.2688288675.1.20260611.1124211652.601.1 not found
Requesting worklist item with study id 1.2.410.200001.1.13010.2688288675.1.20260611.1124211652.601.1
WorklistItem with UID 1.2.410.200001.1.13010.2688288675.1.20260611.1124211652.601.1 not found
<QuerySet []>
<QuerySet []>
<QuerySet []>
<QuerySet []>
<QuerySet []>
<QuerySet []>
<QuerySet []>
<QuerySet []>
<QuerySet []>
<QuerySet []>
<QuerySet []>
<QuerySet []>
<QuerySet []>
<QuerySet []>
<QuerySet []>
<QuerySet []>
WorklistItem with UID 1.2.410.200001.1.13010.2688288675.1.20260611.1115335011.939.1 not found
Requesting worklist item with study id 1.2.410.200001.1.13010.2688288675.1.20260611.1115335011.939.1
WorklistItem with UID 1.2.410.200001.1.13010.2688288675.1.20260611.1115335011.939.1 not found
Requesting worklist item with study id 1.2.410.200001.1.13010.2688288675.1.20260611.1115335011.939.1
WorklistItem with UID 1.2.410.200001.1.13010.2688288675.1.20260611.1115335011.939.1 not found
Requesting worklist item with study id 1.2.410.200001.1.13010.2688288675.1.20260611.1115335011.939.1
WorklistItem with UID 1.2.410.200001.1.13010.2688288675.1.20260611.1115335011.939.1 not found
Requesting worklist item with study id 1.2.410.200001.1.13010.2688288675.1.20260611.1115335011.939.1
WorklistItem with UID 1.2.410.200001.1.13010.2688288675.1.20260611.1115335011.939.1 not found
Requesting worklist item with study id 1.2.410.200001.1.13010.2688288675.1.20260611.1115335011.939.1
WorklistItem with UID 1.2.410.200001.1.13010.2688288675.1.20260611.1115335011.939.1 not found
<QuerySet []>
Requesting worklist item with study id 1.2.410.200001.1.13010.2688288675.1.20260611.1115335011.939.1
WorklistItem with UID 1.2.410.200001.1.13010.2688288675.1.20260611.1115335011.939.1 not found
Requesting worklist item with study id 1.2.410.200001.1.13010.2688288675.1.20260611.1115335011.939.1
WorklistItem with UID 1.2.410.200001.1.13010.2688288675.1.20260611.1115335011.939.1 not found
<QuerySet []>
<QuerySet []>
<QuerySet []>
<QuerySet []>
<QuerySet []>
<QuerySet []>
<QuerySet []>
<QuerySet []>
<QuerySet []>
<QuerySet []>
<QuerySet []>
<QuerySet []>
<QuerySet []>
<QuerySet []>
<QuerySet []>
<QuerySet []>
<QuerySet []>
<QuerySet []>
<QuerySet []>
<QuerySet []>
<QuerySet []>
<QuerySet []>
<QuerySet []>
<QuerySet []>
<QuerySet []>
<QuerySet []>
<QuerySet []>
<QuerySet []>
<QuerySet []>
<QuerySet []>
<QuerySet []>
<QuerySet []>
<QuerySet []>
<QuerySet []>
<QuerySet []>
<QuerySet []>
<QuerySet []>
<QuerySet []>
<QuerySet []>
<QuerySet []>
<QuerySet []>
<QuerySet []>
<QuerySet []>
<QuerySet []>
<QuerySet []>
<QuerySet []>
<QuerySet []>
<QuerySet []>
<QuerySet []>
<QuerySet []>
<QuerySet []>
<QuerySet []>
<QuerySet []>
<QuerySet []>
<QuerySet []>
<QuerySet []>
<QuerySet []>
<QuerySet []>
<QuerySet []>
<QuerySet []>
<QuerySet []>
<QuerySet []>
Requesting worklist item with study id 1.2.410.200001.1.13010.2688288675.1.20260611.1125911492.648.1
WorklistItem with UID 1.2.410.200001.1.13010.2688288675.1.20260611.1125911492.648.1 not found
<QuerySet []>
[2026-06-11 12:07:57 +0000] [1260764] [ERROR] Worker (pid:1296693) was sent SIGTERM!
[2026-06-11 12:07:57 +0000] [1260764] [ERROR] Worker (pid:1296740) was sent SIGTERM!
[2026-06-11 12:07:57 +0000] [1260764] [ERROR] Worker (pid:1296690) was sent SIGTERM!
[2026-06-11 12:07:57 +0000] [1260764] [ERROR] Worker (pid:1296739) was sent SIGTERM!
Not Found: /.env
Not Found: /worklists/image/
Not Found: /worklists/image/
Not Found: /worklists/image/
Not Found: /worklists/image/
Invalid HTTP_HOST header: '129.121.75.225:8001'. You may need to add '129.121.75.225' to ALLOWED_HOSTS.
Traceback (most recent call last):
  File "/usr/local/lib/python3.9/site-packages/django/core/handlers/exception.py", line 55, in inner
    response = get_response(request)
  File "/usr/local/lib/python3.9/site-packages/django/utils/deprecation.py", line 133, in __call__
    response = self.process_request(request)
  File "/usr/local/lib/python3.9/site-packages/django/middleware/common.py", line 48, in process_request
    host = request.get_host()
  File "/usr/local/lib/python3.9/site-packages/django/http/request.py", line 150, in get_host
    raise DisallowedHost(msg)
django.core.exceptions.DisallowedHost: Invalid HTTP_HOST header: '129.121.75.225:8001'. You may need to add '129.121.75.225' to ALLOWED_HOSTS.
[2026-06-11 13:30:49 +0100] [1339285] [WARNING] Invalid request from ip=66.132.172.213: Invalid HTTP Version: (2, 0)
Invalid HTTP_HOST header: '129.121.75.225:8001'. You may need to add '129.121.75.225' to ALLOWED_HOSTS.
Traceback (most recent call last):
  File "/usr/local/lib/python3.9/site-packages/django/core/handlers/exception.py", line 55, in inner
    response = get_response(request)
  File "/usr/local/lib/python3.9/site-packages/django/utils/deprecation.py", line 133, in __call__
    response = self.process_request(request)
  File "/usr/local/lib/python3.9/site-packages/django/middleware/common.py", line 48, in process_request
    host = request.get_host()
  File "/usr/local/lib/python3.9/site-packages/django/http/request.py", line 150, in get_host
    raise DisallowedHost(msg)
django.core.exceptions.DisallowedHost: Invalid HTTP_HOST header: '129.121.75.225:8001'. You may need to add '129.121.75.225' to ALLOWED_HOSTS.
Invalid HTTP_HOST header: '129.121.75.225'. You may need to add '129.121.75.225' to ALLOWED_HOSTS.
Traceback (most recent call last):
  File "/usr/local/lib/python3.9/site-packages/django/core/handlers/exception.py", line 55, in inner
    response = get_response(request)
  File "/usr/local/lib/python3.9/site-packages/django/utils/deprecation.py", line 133, in __call__
    response = self.process_request(request)
  File "/usr/local/lib/python3.9/site-packages/django/middleware/common.py", line 48, in process_request
    host = request.get_host()
  File "/usr/local/lib/python3.9/site-packages/django/http/request.py", line 150, in get_host
    raise DisallowedHost(msg)
django.core.exceptions.DisallowedHost: Invalid HTTP_HOST header: '129.121.75.225'. You may need to add '129.121.75.225' to ALLOWED_HOSTS.
Invalid HTTP_HOST header: '129.121.75.225'. You may need to add '129.121.75.225' to ALLOWED_HOSTS.
Traceback (most recent call last):
  File "/usr/local/lib/python3.9/site-packages/django/core/handlers/exception.py", line 55, in inner
    response = get_response(request)
  File "/usr/local/lib/python3.9/site-packages/django/utils/deprecation.py", line 133, in __call__
    response = self.process_request(request)
  File "/usr/local/lib/python3.9/site-packages/django/middleware/common.py", line 48, in process_request
    host = request.get_host()
  File "/usr/local/lib/python3.9/site-packages/django/http/request.py", line 150, in get_host
    raise DisallowedHost(msg)
django.core.exceptions.DisallowedHost: Invalid HTTP_HOST header: '129.121.75.225'. You may need to add '129.121.75.225' to ALLOWED_HOSTS.
Not Found: /worklists/image/
Not Found: /worklists/image/
Not Found: /worklists/image/
Not Found: /worklists/image/
Not Found: /.env
Not Found: /worklists/image/
Not Found: /worklists/image/
Not Found: /worklists/image/
Not Found: /worklists/image/
Not Found: /worklists/image/
Not Found: /worklists/image/
Not Found: /worklists/image/
Not Found: /worklists/image/
Not Found: /worklists/image/
Not Found: /worklists/image/
Not Found: /worklists/image/
Not Found: /worklists/image/
Not Found: /worklists/image/
Not Found: /worklists/image/
Not Found: /worklists/image/
Not Found: /worklists/image/
Invalid HTTP_HOST header: '0.0.0.0:8001'. You may need to add '0.0.0.0' to ALLOWED_HOSTS.
Traceback (most recent call last):
  File "/usr/local/lib/python3.9/site-packages/django/core/handlers/exception.py", line 55, in inner
    response = get_response(request)
  File "/usr/local/lib/python3.9/site-packages/django/utils/deprecation.py", line 133, in __call__
    response = self.process_request(request)
  File "/usr/local/lib/python3.9/site-packages/django/middleware/common.py", line 48, in process_request
    host = request.get_host()
  File "/usr/local/lib/python3.9/site-packages/django/http/request.py", line 150, in get_host
    raise DisallowedHost(msg)
django.core.exceptions.DisallowedHost: Invalid HTTP_HOST header: '0.0.0.0:8001'. You may need to add '0.0.0.0' to ALLOWED_HOSTS.
Invalid HTTP_HOST header: '0.0.0.0:8001'. You may need to add '0.0.0.0' to ALLOWED_HOSTS.
Traceback (most recent call last):
  File "/usr/local/lib/python3.9/site-packages/django/core/handlers/exception.py", line 55, in inner
    response = get_response(request)
  File "/usr/local/lib/python3.9/site-packages/django/utils/deprecation.py", line 133, in __call__
    response = self.process_request(request)
  File "/usr/local/lib/python3.9/site-packages/django/middleware/common.py", line 48, in process_request
    host = request.get_host()
  File "/usr/local/lib/python3.9/site-packages/django/http/request.py", line 150, in get_host
    raise DisallowedHost(msg)
django.core.exceptions.DisallowedHost: Invalid HTTP_HOST header: '0.0.0.0:8001'. You may need to add '0.0.0.0' to ALLOWED_HOSTS.
Invalid HTTP_HOST header: '129.121.75.225:8001'. You may need to add '129.121.75.225' to ALLOWED_HOSTS.
Traceback (most recent call last):
  File "/usr/local/lib/python3.9/site-packages/django/core/handlers/exception.py", line 55, in inner
    response = get_response(request)
  File "/usr/local/lib/python3.9/site-packages/django/utils/deprecation.py", line 133, in __call__
    response = self.process_request(request)
  File "/usr/local/lib/python3.9/site-packages/django/middleware/common.py", line 48, in process_request
    host = request.get_host()
  File "/usr/local/lib/python3.9/site-packages/django/http/request.py", line 150, in get_host
    raise DisallowedHost(msg)
django.core.exceptions.DisallowedHost: Invalid HTTP_HOST header: '129.121.75.225:8001'. You may need to add '129.121.75.225' to ALLOWED_HOSTS.
Invalid HTTP_HOST header: '129.121.75.225:8001'. You may need to add '129.121.75.225' to ALLOWED_HOSTS.
Traceback (most recent call last):
  File "/usr/local/lib/python3.9/site-packages/django/core/handlers/exception.py", line 55, in inner
    response = get_response(request)
  File "/usr/local/lib/python3.9/site-packages/django/utils/deprecation.py", line 133, in __call__
    response = self.process_request(request)
  File "/usr/local/lib/python3.9/site-packages/django/middleware/common.py", line 48, in process_request
    host = request.get_host()
  File "/usr/local/lib/python3.9/site-packages/django/http/request.py", line 150, in get_host
    raise DisallowedHost(msg)
django.core.exceptions.DisallowedHost: Invalid HTTP_HOST header: '129.121.75.225:8001'. You may need to add '129.121.75.225' to ALLOWED_HOSTS.
Invalid HTTP_HOST header: '129.121.75.225:8001'. You may need to add '129.121.75.225' to ALLOWED_HOSTS.
Traceback (most recent call last):
  File "/usr/local/lib/python3.9/site-packages/django/core/handlers/exception.py", line 55, in inner
    response = get_response(request)
  File "/usr/local/lib/python3.9/site-packages/django/utils/deprecation.py", line 133, in __call__
    response = self.process_request(request)
  File "/usr/local/lib/python3.9/site-packages/django/middleware/common.py", line 48, in process_request
    host = request.get_host()
  File "/usr/local/lib/python3.9/site-packages/django/http/request.py", line 150, in get_host
    raise DisallowedHost(msg)
django.core.exceptions.DisallowedHost: Invalid HTTP_HOST header: '129.121.75.225:8001'. You may need to add '129.121.75.225' to ALLOWED_HOSTS.
Invalid HTTP_HOST header: '129.121.75.225:8001'. You may need to add '129.121.75.225' to ALLOWED_HOSTS.
Traceback (most recent call last):
  File "/usr/local/lib/python3.9/site-packages/django/core/handlers/exception.py", line 55, in inner
    response = get_response(request)
  File "/usr/local/lib/python3.9/site-packages/django/utils/deprecation.py", line 133, in __call__
    response = self.process_request(request)
  File "/usr/local/lib/python3.9/site-packages/django/middleware/common.py", line 48, in process_request
    host = request.get_host()
  File "/usr/local/lib/python3.9/site-packages/django/http/request.py", line 150, in get_host
    raise DisallowedHost(msg)
django.core.exceptions.DisallowedHost: Invalid HTTP_HOST header: '129.121.75.225:8001'. You may need to add '129.121.75.225' to ALLOWED_HOSTS.
Invalid HTTP_HOST header: '129.121.75.225:8001'. You may need to add '129.121.75.225' to ALLOWED_HOSTS.
Traceback (most recent call last):
  File "/usr/local/lib/python3.9/site-packages/django/core/handlers/exception.py", line 55, in inner
    response = get_response(request)
  File "/usr/local/lib/python3.9/site-packages/django/utils/deprecation.py", line 133, in __call__
    response = self.process_request(request)
  File "/usr/local/lib/python3.9/site-packages/django/middleware/common.py", line 48, in process_request
    host = request.get_host()
  File "/usr/local/lib/python3.9/site-packages/django/http/request.py", line 150, in get_host
    raise DisallowedHost(msg)
django.core.exceptions.DisallowedHost: Invalid HTTP_HOST header: '129.121.75.225:8001'. You may need to add '129.121.75.225' to ALLOWED_HOSTS.
Invalid HTTP_HOST header: '129.121.75.225:8001'. You may need to add '129.121.75.225' to ALLOWED_HOSTS.
Traceback (most recent call last):
  File "/usr/local/lib/python3.9/site-packages/django/core/handlers/exception.py", line 55, in inner
    response = get_response(request)
  File "/usr/local/lib/python3.9/site-packages/django/utils/deprecation.py", line 133, in __call__
    response = self.process_request(request)
  File "/usr/local/lib/python3.9/site-packages/django/middleware/common.py", line 48, in process_request
    host = request.get_host()
  File "/usr/local/lib/python3.9/site-packages/django/http/request.py", line 150, in get_host
    raise DisallowedHost(msg)
django.core.exceptions.DisallowedHost: Invalid HTTP_HOST header: '129.121.75.225:8001'. You may need to add '129.121.75.225' to ALLOWED_HOSTS.
Invalid HTTP_HOST header: '0.0.0.0:8001'. You may need to add '0.0.0.0' to ALLOWED_HOSTS.
Traceback (most recent call last):
  File "/usr/local/lib/python3.9/site-packages/django/core/handlers/exception.py", line 55, in inner
    response = get_response(request)
  File "/usr/local/lib/python3.9/site-packages/django/utils/deprecation.py", line 133, in __call__
    response = self.process_request(request)
  File "/usr/local/lib/python3.9/site-packages/django/middleware/common.py", line 48, in process_request
    host = request.get_host()
  File "/usr/local/lib/python3.9/site-packages/django/http/request.py", line 150, in get_host
    raise DisallowedHost(msg)
django.core.exceptions.DisallowedHost: Invalid HTTP_HOST header: '0.0.0.0:8001'. You may need to add '0.0.0.0' to ALLOWED_HOSTS.
Invalid HTTP_HOST header: '129.121.75.225'. You may need to add '129.121.75.225' to ALLOWED_HOSTS.
Traceback (most recent call last):
  File "/usr/local/lib/python3.9/site-packages/django/core/handlers/exception.py", line 55, in inner
    response = get_response(request)
  File "/usr/local/lib/python3.9/site-packages/django/utils/deprecation.py", line 133, in __call__
    response = self.process_request(request)
  File "/usr/local/lib/python3.9/site-packages/django/middleware/common.py", line 48, in process_request
    host = request.get_host()
  File "/usr/local/lib/python3.9/site-packages/django/http/request.py", line 150, in get_host
    raise DisallowedHost(msg)
django.core.exceptions.DisallowedHost: Invalid HTTP_HOST header: '129.121.75.225'. You may need to add '129.121.75.225' to ALLOWED_HOSTS.
Invalid HTTP_HOST header: '129.121.75.225'. You may need to add '129.121.75.225' to ALLOWED_HOSTS.
Traceback (most recent call last):
  File "/usr/local/lib/python3.9/site-packages/django/core/handlers/exception.py", line 55, in inner
    response = get_response(request)
  File "/usr/local/lib/python3.9/site-packages/django/utils/deprecation.py", line 133, in __call__
    response = self.process_request(request)
  File "/usr/local/lib/python3.9/site-packages/django/middleware/common.py", line 48, in process_request
    host = request.get_host()
  File "/usr/local/lib/python3.9/site-packages/django/http/request.py", line 150, in get_host
    raise DisallowedHost(msg)
django.core.exceptions.DisallowedHost: Invalid HTTP_HOST header: '129.121.75.225'. You may need to add '129.121.75.225' to ALLOWED_HOSTS.
Invalid HTTP_HOST header: '129.121.75.225:8001'. You may need to add '129.121.75.225' to ALLOWED_HOSTS.
Traceback (most recent call last):
  File "/usr/local/lib/python3.9/site-packages/django/core/handlers/exception.py", line 55, in inner
    response = get_response(request)
  File "/usr/local/lib/python3.9/site-packages/django/utils/deprecation.py", line 133, in __call__
    response = self.process_request(request)
  File "/usr/local/lib/python3.9/site-packages/django/middleware/common.py", line 48, in process_request
    host = request.get_host()
  File "/usr/local/lib/python3.9/site-packages/django/http/request.py", line 150, in get_host
    raise DisallowedHost(msg)
django.core.exceptions.DisallowedHost: Invalid HTTP_HOST header: '129.121.75.225:8001'. You may need to add '129.121.75.225' to ALLOWED_HOSTS.
Invalid HTTP_HOST header: '129.121.75.225:8001'. You may need to add '129.121.75.225' to ALLOWED_HOSTS.
Traceback (most recent call last):
  File "/usr/local/lib/python3.9/site-packages/django/core/handlers/exception.py", line 55, in inner
    response = get_response(request)
  File "/usr/local/lib/python3.9/site-packages/django/utils/deprecation.py", line 133, in __call__
    response = self.process_request(request)
  File "/usr/local/lib/python3.9/site-packages/django/middleware/common.py", line 48, in process_request
    host = request.get_host()
  File "/usr/local/lib/python3.9/site-packages/django/http/request.py", line 150, in get_host
    raise DisallowedHost(msg)
django.core.exceptions.DisallowedHost: Invalid HTTP_HOST header: '129.121.75.225:8001'. You may need to add '129.121.75.225' to ALLOWED_HOSTS.
Invalid HTTP_HOST header: '129.121.75.225:8001'. You may need to add '129.121.75.225' to ALLOWED_HOSTS.
Traceback (most recent call last):
  File "/usr/local/lib/python3.9/site-packages/django/core/handlers/exception.py", line 55, in inner
    response = get_response(request)
  File "/usr/local/lib/python3.9/site-packages/django/utils/deprecation.py", line 133, in __call__
    response = self.process_request(request)
  File "/usr/local/lib/python3.9/site-packages/django/middleware/common.py", line 48, in process_request
    host = request.get_host()
  File "/usr/local/lib/python3.9/site-packages/django/http/request.py", line 150, in get_host
    raise DisallowedHost(msg)
django.core.exceptions.DisallowedHost: Invalid HTTP_HOST header: '129.121.75.225:8001'. You may need to add '129.121.75.225' to ALLOWED_HOSTS.
Invalid HTTP_HOST header: '129.121.75.225:8001'. You may need to add '129.121.75.225' to ALLOWED_HOSTS.
Traceback (most recent call last):
  File "/usr/local/lib/python3.9/site-packages/django/core/handlers/exception.py", line 55, in inner
    response = get_response(request)
  File "/usr/local/lib/python3.9/site-packages/django/utils/deprecation.py", line 133, in __call__
    response = self.process_request(request)
  File "/usr/local/lib/python3.9/site-packages/django/middleware/common.py", line 48, in process_request
    host = request.get_host()
  File "/usr/local/lib/python3.9/site-packages/django/http/request.py", line 150, in get_host
    raise DisallowedHost(msg)
django.core.exceptions.DisallowedHost: Invalid HTTP_HOST header: '129.121.75.225:8001'. You may need to add '129.121.75.225' to ALLOWED_HOSTS.
Not Found: /wp-json/gravitysmtp/v1/settings
Not Found: /wp-json/gravitysmtp/v1/tests/mock-data
Not Found: /wp-json/gravitysmtp/v1/config
Not Found: /wp-json/gravitysmtp/v1/tests/mock-data
Not Found: /wp-json/wp/v2/settings
Not Found: /wp-content/plugins/hellopress/wp_filemanager.php
Not Found: /this_is_a_new_hello_world.php
Not Found: /wp-Blogs.php
Invalid HTTP_HOST header: '129.121.75.225:8001'. You may need to add '129.121.75.225' to ALLOWED_HOSTS.
Traceback (most recent call last):
  File "/usr/local/lib/python3.9/site-packages/django/core/handlers/exception.py", line 55, in inner
    response = get_response(request)
  File "/usr/local/lib/python3.9/site-packages/django/utils/deprecation.py", line 133, in __call__
    response = self.process_request(request)
  File "/usr/local/lib/python3.9/site-packages/django/middleware/common.py", line 48, in process_request
    host = request.get_host()
  File "/usr/local/lib/python3.9/site-packages/django/http/request.py", line 150, in get_host
    raise DisallowedHost(msg)
django.core.exceptions.DisallowedHost: Invalid HTTP_HOST header: '129.121.75.225:8001'. You may need to add '129.121.75.225' to ALLOWED_HOSTS.
Invalid HTTP_HOST header: '129.121.75.225:8001'. You may need to add '129.121.75.225' to ALLOWED_HOSTS.
Traceback (most recent call last):
  File "/usr/local/lib/python3.9/site-packages/django/core/handlers/exception.py", line 55, in inner
    response = get_response(request)
  File "/usr/local/lib/python3.9/site-packages/django/utils/deprecation.py", line 133, in __call__
    response = self.process_request(request)
  File "/usr/local/lib/python3.9/site-packages/django/middleware/common.py", line 48, in process_request
    host = request.get_host()
  File "/usr/local/lib/python3.9/site-packages/django/http/request.py", line 150, in get_host
    raise DisallowedHost(msg)
django.core.exceptions.DisallowedHost: Invalid HTTP_HOST header: '129.121.75.225:8001'. You may need to add '129.121.75.225' to ALLOWED_HOSTS.
Not Found: /.env
Invalid HTTP_HOST header: '129.121.75.225:8001'. You may need to add '129.121.75.225' to ALLOWED_HOSTS.
Traceback (most recent call last):
  File "/usr/local/lib/python3.9/site-packages/django/core/handlers/exception.py", line 55, in inner
    response = get_response(request)
  File "/usr/local/lib/python3.9/site-packages/django/utils/deprecation.py", line 133, in __call__
    response = self.process_request(request)
  File "/usr/local/lib/python3.9/site-packages/django/middleware/common.py", line 48, in process_request
    host = request.get_host()
  File "/usr/local/lib/python3.9/site-packages/django/http/request.py", line 150, in get_host
    raise DisallowedHost(msg)
django.core.exceptions.DisallowedHost: Invalid HTTP_HOST header: '129.121.75.225:8001'. You may need to add '129.121.75.225' to ALLOWED_HOSTS.
Not Found: //wp-includes/wlwmanifest.xml
Not Found: //xmlrpc.php
Not Found: //blog/wp-includes/wlwmanifest.xml
Not Found: //web/wp-includes/wlwmanifest.xml
Not Found: //wordpress/wp-includes/wlwmanifest.xml
Not Found: //website/wp-includes/wlwmanifest.xml
Not Found: //wp/wp-includes/wlwmanifest.xml
Not Found: //news/wp-includes/wlwmanifest.xml
Not Found: //2018/wp-includes/wlwmanifest.xml
Not Found: //2019/wp-includes/wlwmanifest.xml
Not Found: //shop/wp-includes/wlwmanifest.xml
Not Found: //wp1/wp-includes/wlwmanifest.xml
Not Found: //test/wp-includes/wlwmanifest.xml
Not Found: //wp2/wp-includes/wlwmanifest.xml
Not Found: //site/wp-includes/wlwmanifest.xml
Not Found: //cms/wp-includes/wlwmanifest.xml
Not Found: //sito/wp-includes/wlwmanifest.xml
Not Found: /.env
Not Found: /wp-content/plugins/hellopress/wp_filemanager.php
Not Found: /this_is_a_new_hello_world.php
Not Found: /wp-Blogs.php
Not Found: /.env
Invalid HTTP_HOST header: '129.121.75.225:8001'. You may need to add '129.121.75.225' to ALLOWED_HOSTS.
Traceback (most recent call last):
  File "/usr/local/lib/python3.9/site-packages/django/core/handlers/exception.py", line 55, in inner
    response = get_response(request)
  File "/usr/local/lib/python3.9/site-packages/django/utils/deprecation.py", line 133, in __call__
    response = self.process_request(request)
  File "/usr/local/lib/python3.9/site-packages/django/middleware/common.py", line 48, in process_request
    host = request.get_host()
  File "/usr/local/lib/python3.9/site-packages/django/http/request.py", line 150, in get_host
    raise DisallowedHost(msg)
django.core.exceptions.DisallowedHost: Invalid HTTP_HOST header: '129.121.75.225:8001'. You may need to add '129.121.75.225' to ALLOWED_HOSTS.
Invalid HTTP_HOST header: '129.121.75.225:8001'. You may need to add '129.121.75.225' to ALLOWED_HOSTS.
Traceback (most recent call last):
  File "/usr/local/lib/python3.9/site-packages/django/core/handlers/exception.py", line 55, in inner
    response = get_response(request)
  File "/usr/local/lib/python3.9/site-packages/django/utils/deprecation.py", line 133, in __call__
    response = self.process_request(request)
  File "/usr/local/lib/python3.9/site-packages/django/middleware/common.py", line 48, in process_request
    host = request.get_host()
  File "/usr/local/lib/python3.9/site-packages/django/http/request.py", line 150, in get_host
    raise DisallowedHost(msg)
django.core.exceptions.DisallowedHost: Invalid HTTP_HOST header: '129.121.75.225:8001'. You may need to add '129.121.75.225' to ALLOWED_HOSTS.
Invalid HTTP_HOST header: '129.121.75.225:8001'. You may need to add '129.121.75.225' to ALLOWED_HOSTS.
Traceback (most recent call last):
  File "/usr/local/lib/python3.9/site-packages/django/core/handlers/exception.py", line 55, in inner
    response = get_response(request)
  File "/usr/local/lib/python3.9/site-packages/django/utils/deprecation.py", line 133, in __call__
    response = self.process_request(request)
  File "/usr/local/lib/python3.9/site-packages/django/middleware/common.py", line 48, in process_request
    host = request.get_host()
  File "/usr/local/lib/python3.9/site-packages/django/http/request.py", line 150, in get_host
    raise DisallowedHost(msg)
django.core.exceptions.DisallowedHost: Invalid HTTP_HOST header: '129.121.75.225:8001'. You may need to add '129.121.75.225' to ALLOWED_HOSTS.
Invalid HTTP_HOST header: '129.121.75.225'. You may need to add '129.121.75.225' to ALLOWED_HOSTS.
Traceback (most recent call last):
  File "/usr/local/lib/python3.9/site-packages/django/core/handlers/exception.py", line 55, in inner
    response = get_response(request)
  File "/usr/local/lib/python3.9/site-packages/django/utils/deprecation.py", line 133, in __call__
    response = self.process_request(request)
  File "/usr/local/lib/python3.9/site-packages/django/middleware/common.py", line 48, in process_request
    host = request.get_host()
  File "/usr/local/lib/python3.9/site-packages/django/http/request.py", line 150, in get_host
    raise DisallowedHost(msg)
django.core.exceptions.DisallowedHost: Invalid HTTP_HOST header: '129.121.75.225'. You may need to add '129.121.75.225' to ALLOWED_HOSTS.
Invalid HTTP_HOST header: '129.121.75.225:8001'. You may need to add '129.121.75.225' to ALLOWED_HOSTS.
Traceback (most recent call last):
  File "/usr/local/lib/python3.9/site-packages/django/core/handlers/exception.py", line 55, in inner
    response = get_response(request)
  File "/usr/local/lib/python3.9/site-packages/django/utils/deprecation.py", line 133, in __call__
    response = self.process_request(request)
  File "/usr/local/lib/python3.9/site-packages/django/middleware/common.py", line 48, in process_request
    host = request.get_host()
  File "/usr/local/lib/python3.9/site-packages/django/http/request.py", line 150, in get_host
    raise DisallowedHost(msg)
django.core.exceptions.DisallowedHost: Invalid HTTP_HOST header: '129.121.75.225:8001'. You may need to add '129.121.75.225' to ALLOWED_HOSTS.
Not Found: /.env
Not Found: /.env
Not Found: /.env
Invalid HTTP_HOST header: '192.0.2.1'. You may need to add '192.0.2.1' to ALLOWED_HOSTS.
Traceback (most recent call last):
  File "/usr/local/lib/python3.9/site-packages/django/core/handlers/exception.py", line 55, in inner
    response = get_response(request)
  File "/usr/local/lib/python3.9/site-packages/django/utils/deprecation.py", line 133, in __call__
    response = self.process_request(request)
  File "/usr/local/lib/python3.9/site-packages/django/middleware/common.py", line 48, in process_request
    host = request.get_host()
  File "/usr/local/lib/python3.9/site-packages/django/http/request.py", line 150, in get_host
    raise DisallowedHost(msg)
django.core.exceptions.DisallowedHost: Invalid HTTP_HOST header: '192.0.2.1'. You may need to add '192.0.2.1' to ALLOWED_HOSTS.
Invalid HTTP_HOST header: '129.121.75.225:8001'. You may need to add '129.121.75.225' to ALLOWED_HOSTS.
Traceback (most recent call last):
  File "/usr/local/lib/python3.9/site-packages/django/core/handlers/exception.py", line 55, in inner
    response = get_response(request)
  File "/usr/local/lib/python3.9/site-packages/django/utils/deprecation.py", line 133, in __call__
    response = self.process_request(request)
  File "/usr/local/lib/python3.9/site-packages/django/middleware/common.py", line 48, in process_request
    host = request.get_host()
  File "/usr/local/lib/python3.9/site-packages/django/http/request.py", line 150, in get_host
    raise DisallowedHost(msg)
django.core.exceptions.DisallowedHost: Invalid HTTP_HOST header: '129.121.75.225:8001'. You may need to add '129.121.75.225' to ALLOWED_HOSTS.
Invalid HTTP_HOST header: '129.121.75.225:8001'. You may need to add '129.121.75.225' to ALLOWED_HOSTS.
Traceback (most recent call last):
  File "/usr/local/lib/python3.9/site-packages/django/core/handlers/exception.py", line 55, in inner
    response = get_response(request)
  File "/usr/local/lib/python3.9/site-packages/django/utils/deprecation.py", line 133, in __call__
    response = self.process_request(request)
  File "/usr/local/lib/python3.9/site-packages/django/middleware/common.py", line 48, in process_request
    host = request.get_host()
  File "/usr/local/lib/python3.9/site-packages/django/http/request.py", line 150, in get_host
    raise DisallowedHost(msg)
django.core.exceptions.DisallowedHost: Invalid HTTP_HOST header: '129.121.75.225:8001'. You may need to add '129.121.75.225' to ALLOWED_HOSTS.
Invalid HTTP_HOST header: '0.0.0.0:8001'. You may need to add '0.0.0.0' to ALLOWED_HOSTS.
Traceback (most recent call last):
  File "/usr/local/lib/python3.9/site-packages/django/core/handlers/exception.py", line 55, in inner
    response = get_response(request)
  File "/usr/local/lib/python3.9/site-packages/django/utils/deprecation.py", line 133, in __call__
    response = self.process_request(request)
  File "/usr/local/lib/python3.9/site-packages/django/middleware/common.py", line 48, in process_request
    host = request.get_host()
  File "/usr/local/lib/python3.9/site-packages/django/http/request.py", line 150, in get_host
    raise DisallowedHost(msg)
django.core.exceptions.DisallowedHost: Invalid HTTP_HOST header: '0.0.0.0:8001'. You may need to add '0.0.0.0' to ALLOWED_HOSTS.
Invalid HTTP_HOST header: '0.0.0.0:8001'. You may need to add '0.0.0.0' to ALLOWED_HOSTS.
Traceback (most recent call last):
  File "/usr/local/lib/python3.9/site-packages/django/core/handlers/exception.py", line 55, in inner
    response = get_response(request)
  File "/usr/local/lib/python3.9/site-packages/django/utils/deprecation.py", line 133, in __call__
    response = self.process_request(request)
  File "/usr/local/lib/python3.9/site-packages/django/middleware/common.py", line 48, in process_request
    host = request.get_host()
  File "/usr/local/lib/python3.9/site-packages/django/http/request.py", line 150, in get_host
    raise DisallowedHost(msg)
django.core.exceptions.DisallowedHost: Invalid HTTP_HOST header: '0.0.0.0:8001'. You may need to add '0.0.0.0' to ALLOWED_HOSTS.
[2026-06-12 06:17:46 +0100] [1339285] [WARNING] Invalid request from ip=45.56.103.154: Invalid HTTP request line: ''
Invalid HTTP_HOST header: '0.0.0.0:8001'. You may need to add '0.0.0.0' to ALLOWED_HOSTS.
Traceback (most recent call last):
  File "/usr/local/lib/python3.9/site-packages/django/core/handlers/exception.py", line 55, in inner
    response = get_response(request)
  File "/usr/local/lib/python3.9/site-packages/django/utils/deprecation.py", line 133, in __call__
    response = self.process_request(request)
  File "/usr/local/lib/python3.9/site-packages/django/middleware/common.py", line 48, in process_request
    host = request.get_host()
  File "/usr/local/lib/python3.9/site-packages/django/http/request.py", line 150, in get_host
    raise DisallowedHost(msg)
django.core.exceptions.DisallowedHost: Invalid HTTP_HOST header: '0.0.0.0:8001'. You may need to add '0.0.0.0' to ALLOWED_HOSTS.
[2026-06-12 06:17:46 +0100] [1339287] [WARNING] Invalid request from ip=45.56.103.154: Invalid HTTP Version: 'RTSP/1.0'
[2026-06-12 06:18:01 +0100] [1339285] [WARNING] Invalid request from ip=45.56.103.154: Invalid HTTP request line: 'HELP'
[2026-06-12 06:18:06 +0100] [1339285] [WARNING] Invalid request from ip=45.56.103.154: Invalid HTTP request line: '\x03\x00\x00*%à\x00\x00\x00\x00\x00Cookie: mstshash=nmap'
[2026-06-12 06:18:41 +0100] [1339287] [WARNING] Invalid request from ip=45.56.103.154: Invalid HTTP Version: 'SIP/2.0'
Invalid HTTP_HOST header: '0.0.0.0:8001'. You may need to add '0.0.0.0' to ALLOWED_HOSTS.
Traceback (most recent call last):
  File "/usr/local/lib/python3.9/site-packages/django/core/handlers/exception.py", line 55, in inner
    response = get_response(request)
  File "/usr/local/lib/python3.9/site-packages/django/utils/deprecation.py", line 133, in __call__
    response = self.process_request(request)
  File "/usr/local/lib/python3.9/site-packages/django/middleware/common.py", line 48, in process_request
    host = request.get_host()
  File "/usr/local/lib/python3.9/site-packages/django/http/request.py", line 150, in get_host
    raise DisallowedHost(msg)
django.core.exceptions.DisallowedHost: Invalid HTTP_HOST header: '0.0.0.0:8001'. You may need to add '0.0.0.0' to ALLOWED_HOSTS.
Invalid HTTP_HOST header: 'www'. You may need to add 'www' to ALLOWED_HOSTS.
Traceback (most recent call last):
  File "/usr/local/lib/python3.9/site-packages/django/core/handlers/exception.py", line 55, in inner
    response = get_response(request)
  File "/usr/local/lib/python3.9/site-packages/django/utils/deprecation.py", line 133, in __call__
    response = self.process_request(request)
  File "/usr/local/lib/python3.9/site-packages/django/middleware/common.py", line 48, in process_request
    host = request.get_host()
  File "/usr/local/lib/python3.9/site-packages/django/http/request.py", line 150, in get_host
    raise DisallowedHost(msg)
django.core.exceptions.DisallowedHost: Invalid HTTP_HOST header: 'www'. You may need to add 'www' to ALLOWED_HOSTS.
Invalid HTTP_HOST header: 'server.clinicalgynecologists.space:8001'. You may need to add 'server.clinicalgynecologists.space' to ALLOWED_HOSTS.
Traceback (most recent call last):
  File "/usr/local/lib/python3.9/site-packages/django/core/handlers/exception.py", line 55, in inner
    response = get_response(request)
  File "/usr/local/lib/python3.9/site-packages/django/utils/deprecation.py", line 133, in __call__
    response = self.process_request(request)
  File "/usr/local/lib/python3.9/site-packages/django/middleware/common.py", line 48, in process_request
    host = request.get_host()
  File "/usr/local/lib/python3.9/site-packages/django/http/request.py", line 150, in get_host
    raise DisallowedHost(msg)
django.core.exceptions.DisallowedHost: Invalid HTTP_HOST header: 'server.clinicalgynecologists.space:8001'. You may need to add 'server.clinicalgynecologists.space' to ALLOWED_HOSTS.
Invalid HTTP_HOST header: 'server.clinicalgynecologists.space:8001'. You may need to add 'server.clinicalgynecologists.space' to ALLOWED_HOSTS.
Traceback (most recent call last):
  File "/usr/local/lib/python3.9/site-packages/django/core/handlers/exception.py", line 55, in inner
    response = get_response(request)
  File "/usr/local/lib/python3.9/site-packages/django/utils/deprecation.py", line 133, in __call__
    response = self.process_request(request)
  File "/usr/local/lib/python3.9/site-packages/django/middleware/common.py", line 48, in process_request
    host = request.get_host()
  File "/usr/local/lib/python3.9/site-packages/django/http/request.py", line 150, in get_host
    raise DisallowedHost(msg)
django.core.exceptions.DisallowedHost: Invalid HTTP_HOST header: 'server.clinicalgynecologists.space:8001'. You may need to add 'server.clinicalgynecologists.space' to ALLOWED_HOSTS.
Invalid HTTP_HOST header: 'server.clinicalgynecologists.space:8001'. You may need to add 'server.clinicalgynecologists.space' to ALLOWED_HOSTS.
Traceback (most recent call last):
  File "/usr/local/lib/python3.9/site-packages/django/core/handlers/exception.py", line 55, in inner
    response = get_response(request)
  File "/usr/local/lib/python3.9/site-packages/django/utils/deprecation.py", line 133, in __call__
    response = self.process_request(request)
  File "/usr/local/lib/python3.9/site-packages/django/middleware/common.py", line 48, in process_request
    host = request.get_host()
  File "/usr/local/lib/python3.9/site-packages/django/http/request.py", line 150, in get_host
    raise DisallowedHost(msg)
django.core.exceptions.DisallowedHost: Invalid HTTP_HOST header: 'server.clinicalgynecologists.space:8001'. You may need to add 'server.clinicalgynecologists.space' to ALLOWED_HOSTS.
Invalid HTTP_HOST header: 'server.clinicalgynecologists.space:8001'. You may need to add 'server.clinicalgynecologists.space' to ALLOWED_HOSTS.
Traceback (most recent call last):
  File "/usr/local/lib/python3.9/site-packages/django/core/handlers/exception.py", line 55, in inner
    response = get_response(request)
  File "/usr/local/lib/python3.9/site-packages/django/utils/deprecation.py", line 133, in __call__
    response = self.process_request(request)
  File "/usr/local/lib/python3.9/site-packages/django/middleware/common.py", line 48, in process_request
    host = request.get_host()
  File "/usr/local/lib/python3.9/site-packages/django/http/request.py", line 150, in get_host
    raise DisallowedHost(msg)
django.core.exceptions.DisallowedHost: Invalid HTTP_HOST header: 'server.clinicalgynecologists.space:8001'. You may need to add 'server.clinicalgynecologists.space' to ALLOWED_HOSTS.
Invalid HTTP_HOST header: 'server.clinicalgynecologists.space:8001'. You may need to add 'server.clinicalgynecologists.space' to ALLOWED_HOSTS.
Traceback (most recent call last):
  File "/usr/local/lib/python3.9/site-packages/django/core/handlers/exception.py", line 55, in inner
    response = get_response(request)
  File "/usr/local/lib/python3.9/site-packages/django/utils/deprecation.py", line 133, in __call__
    response = self.process_request(request)
  File "/usr/local/lib/python3.9/site-packages/django/middleware/common.py", line 48, in process_request
    host = request.get_host()
  File "/usr/local/lib/python3.9/site-packages/django/http/request.py", line 150, in get_host
    raise DisallowedHost(msg)
django.core.exceptions.DisallowedHost: Invalid HTTP_HOST header: 'server.clinicalgynecologists.space:8001'. You may need to add 'server.clinicalgynecologists.space' to ALLOWED_HOSTS.
Not Found: /.env
Invalid HTTP_HOST header: '129.121.75.225:8001'. You may need to add '129.121.75.225' to ALLOWED_HOSTS.
Traceback (most recent call last):
  File "/usr/local/lib/python3.9/site-packages/django/core/handlers/exception.py", line 55, in inner
    response = get_response(request)
  File "/usr/local/lib/python3.9/site-packages/django/utils/deprecation.py", line 133, in __call__
    response = self.process_request(request)
  File "/usr/local/lib/python3.9/site-packages/django/middleware/common.py", line 48, in process_request
    host = request.get_host()
  File "/usr/local/lib/python3.9/site-packages/django/http/request.py", line 150, in get_host
    raise DisallowedHost(msg)
django.core.exceptions.DisallowedHost: Invalid HTTP_HOST header: '129.121.75.225:8001'. You may need to add '129.121.75.225' to ALLOWED_HOSTS.
Invalid HTTP_HOST header: '129.121.75.225:8001'. You may need to add '129.121.75.225' to ALLOWED_HOSTS.
Traceback (most recent call last):
  File "/usr/local/lib/python3.9/site-packages/django/core/handlers/exception.py", line 55, in inner
    response = get_response(request)
  File "/usr/local/lib/python3.9/site-packages/django/utils/deprecation.py", line 133, in __call__
    response = self.process_request(request)
  File "/usr/local/lib/python3.9/site-packages/django/middleware/common.py", line 48, in process_request
    host = request.get_host()
  File "/usr/local/lib/python3.9/site-packages/django/http/request.py", line 150, in get_host
    raise DisallowedHost(msg)
django.core.exceptions.DisallowedHost: Invalid HTTP_HOST header: '129.121.75.225:8001'. You may need to add '129.121.75.225' to ALLOWED_HOSTS.
Invalid HTTP_HOST header: '129.121.75.225:8001'. You may need to add '129.121.75.225' to ALLOWED_HOSTS.
Traceback (most recent call last):
  File "/usr/local/lib/python3.9/site-packages/django/core/handlers/exception.py", line 55, in inner
    response = get_response(request)
  File "/usr/local/lib/python3.9/site-packages/django/utils/deprecation.py", line 133, in __call__
    response = self.process_request(request)
  File "/usr/local/lib/python3.9/site-packages/django/middleware/common.py", line 48, in process_request
    host = request.get_host()
  File "/usr/local/lib/python3.9/site-packages/django/http/request.py", line 150, in get_host
    raise DisallowedHost(msg)
django.core.exceptions.DisallowedHost: Invalid HTTP_HOST header: '129.121.75.225:8001'. You may need to add '129.121.75.225' to ALLOWED_HOSTS.
Internal Server Error: /patients/
Traceback (most recent call last):
  File "/usr/local/lib/python3.9/site-packages/django/core/handlers/exception.py", line 55, in inner
    response = get_response(request)
  File "/usr/local/lib/python3.9/site-packages/django/core/handlers/base.py", line 197, in _get_response
    response = wrapped_callback(request, *callback_args, **callback_kwargs)
  File "/usr/local/lib/python3.9/site-packages/django/views/generic/base.py", line 105, in view
    return self.dispatch(request, *args, **kwargs)
  File "/usr/local/lib/python3.9/site-packages/django/contrib/auth/mixins.py", line 109, in dispatch
    return super().dispatch(request, *args, **kwargs)
  File "/usr/local/lib/python3.9/site-packages/django/views/generic/base.py", line 144, in dispatch
    return handler(request, *args, **kwargs)
  File "/home/echo/echo/apps/core/views/patients.py", line 47, in get
  File "/usr/local/lib/python3.9/site-packages/django/shortcuts.py", line 24, in render
    content = loader.render_to_string(template_name, context, request, using=using)
  File "/usr/local/lib/python3.9/site-packages/django/template/loader.py", line 61, in render_to_string
    template = get_template(template_name, using=using)
  File "/usr/local/lib/python3.9/site-packages/django/template/loader.py", line 19, in get_template
    raise TemplateDoesNotExist(template_name, chain=chain)
django.template.exceptions.TemplateDoesNotExist: core/patient_list_v2.html
Internal Server Error: /patients/
Traceback (most recent call last):
  File "/usr/local/lib/python3.9/site-packages/django/core/handlers/exception.py", line 55, in inner
    response = get_response(request)
  File "/usr/local/lib/python3.9/site-packages/django/core/handlers/base.py", line 197, in _get_response
    response = wrapped_callback(request, *callback_args, **callback_kwargs)
  File "/usr/local/lib/python3.9/site-packages/django/views/generic/base.py", line 105, in view
    return self.dispatch(request, *args, **kwargs)
  File "/usr/local/lib/python3.9/site-packages/django/contrib/auth/mixins.py", line 109, in dispatch
    return super().dispatch(request, *args, **kwargs)
  File "/usr/local/lib/python3.9/site-packages/django/views/generic/base.py", line 144, in dispatch
    return handler(request, *args, **kwargs)
  File "/home/echo/echo/apps/core/views/patients.py", line 47, in get
  File "/usr/local/lib/python3.9/site-packages/django/shortcuts.py", line 24, in render
    content = loader.render_to_string(template_name, context, request, using=using)
  File "/usr/local/lib/python3.9/site-packages/django/template/loader.py", line 61, in render_to_string
    template = get_template(template_name, using=using)
  File "/usr/local/lib/python3.9/site-packages/django/template/loader.py", line 19, in get_template
    raise TemplateDoesNotExist(template_name, chain=chain)
django.template.exceptions.TemplateDoesNotExist: core/patient_list_v2.html
Not Found: /.env
[2026-06-12 07:29:15 +0000] [1260764] [INFO] Handling signal: hup
[2026-06-12 07:29:15 +0000] [1260764] [INFO] Hang up: Master
[2026-06-12 07:29:15 +0000] [1362485] [INFO] Booting worker with pid: 1362485
[2026-06-12 07:29:15 +0000] [1362486] [INFO] Booting worker with pid: 1362486
[2026-06-12 07:29:15 +0000] [1362488] [INFO] Booting worker with pid: 1362488
[2026-06-12 07:29:15 +0000] [1362487] [INFO] Booting worker with pid: 1362487
[2026-06-12 08:29:15 +0100] [1339284] [INFO] Worker exiting (pid: 1339284)
[2026-06-12 08:29:15 +0100] [1339285] [INFO] Worker exiting (pid: 1339285)
[2026-06-12 07:29:15 +0000] [1362485] [ERROR] Exception in worker process
Traceback (most recent call last):
  File "/usr/local/lib/python3.9/site-packages/gunicorn/arbiter.py", line 608, in spawn_worker
    worker.init_process()
  File "/usr/local/lib/python3.9/site-packages/gunicorn/workers/base.py", line 135, in init_process
    self.load_wsgi()
  File "/usr/local/lib/python3.9/site-packages/gunicorn/workers/base.py", line 147, in load_wsgi
    self.wsgi = self.app.wsgi()
  File "/usr/local/lib/python3.9/site-packages/gunicorn/app/base.py", line 66, in wsgi
    self.callable = self.load()
  File "/usr/local/lib/python3.9/site-packages/gunicorn/app/wsgiapp.py", line 57, in load
    return self.load_wsgiapp()
  File "/usr/local/lib/python3.9/site-packages/gunicorn/app/wsgiapp.py", line 47, in load_wsgiapp
    return util.import_app(self.app_uri)
  File "/usr/local/lib/python3.9/site-packages/gunicorn/util.py", line 370, in import_app
    mod = importlib.import_module(module)
  File "/usr/lib64/python3.9/importlib/__init__.py", line 127, in import_module
    return _bootstrap._gcd_import(name[level:], package, level)
  File "<frozen importlib._bootstrap>", line 1030, in _gcd_import
  File "<frozen importlib._bootstrap>", line 1007, in _find_and_load
  File "<frozen importlib._bootstrap>", line 984, in _find_and_load_unlocked
ModuleNotFoundError: No module named 'echo.wsgi'
[2026-06-12 07:29:15 +0000] [1362486] [ERROR] Exception in worker process
Traceback (most recent call last):
  File "/usr/local/lib/python3.9/site-packages/gunicorn/arbiter.py", line 608, in spawn_worker
    worker.init_process()
  File "/usr/local/lib/python3.9/site-packages/gunicorn/workers/base.py", line 135, in init_process
    self.load_wsgi()
  File "/usr/local/lib/python3.9/site-packages/gunicorn/workers/base.py", line 147, in load_wsgi
    self.wsgi = self.app.wsgi()
  File "/usr/local/lib/python3.9/site-packages/gunicorn/app/base.py", line 66, in wsgi
    self.callable = self.load()
  File "/usr/local/lib/python3.9/site-packages/gunicorn/app/wsgiapp.py", line 57, in load
    return self.load_wsgiapp()
  File "/usr/local/lib/python3.9/site-packages/gunicorn/app/wsgiapp.py", line 47, in load_wsgiapp
    return util.import_app(self.app_uri)
  File "/usr/local/lib/python3.9/site-packages/gunicorn/util.py", line 370, in import_app
    mod = importlib.import_module(module)
  File "/usr/lib64/python3.9/importlib/__init__.py", line 127, in import_module
    return _bootstrap._gcd_import(name[level:], package, level)
  File "<frozen importlib._bootstrap>", line 1030, in _gcd_import
  File "<frozen importlib._bootstrap>", line 1007, in _find_and_load
  File "<frozen importlib._bootstrap>", line 984, in _find_and_load_unlocked
ModuleNotFoundError: No module named 'echo.wsgi'
[2026-06-12 07:29:15 +0000] [1362486] [INFO] Worker exiting (pid: 1362486)
[2026-06-12 07:29:15 +0000] [1362485] [INFO] Worker exiting (pid: 1362485)
[2026-06-12 07:29:15 +0000] [1362488] [ERROR] Exception in worker process
Traceback (most recent call last):
  File "/usr/local/lib/python3.9/site-packages/gunicorn/arbiter.py", line 608, in spawn_worker
    worker.init_process()
  File "/usr/local/lib/python3.9/site-packages/gunicorn/workers/base.py", line 135, in init_process
    self.load_wsgi()
  File "/usr/local/lib/python3.9/site-packages/gunicorn/workers/base.py", line 147, in load_wsgi
    self.wsgi = self.app.wsgi()
  File "/usr/local/lib/python3.9/site-packages/gunicorn/app/base.py", line 66, in wsgi
    self.callable = self.load()
  File "/usr/local/lib/python3.9/site-packages/gunicorn/app/wsgiapp.py", line 57, in load
    return self.load_wsgiapp()
  File "/usr/local/lib/python3.9/site-packages/gunicorn/app/wsgiapp.py", line 47, in load_wsgiapp
    return util.import_app(self.app_uri)
  File "/usr/local/lib/python3.9/site-packages/gunicorn/util.py", line 370, in import_app
    mod = importlib.import_module(module)
  File "/usr/lib64/python3.9/importlib/__init__.py", line 127, in import_module
    return _bootstrap._gcd_import(name[level:], package, level)
  File "<frozen importlib._bootstrap>", line 1030, in _gcd_import
  File "<frozen importlib._bootstrap>", line 1007, in _find_and_load
  File "<frozen importlib._bootstrap>", line 984, in _find_and_load_unlocked
ModuleNotFoundError: No module named 'echo.wsgi'
[2026-06-12 07:29:15 +0000] [1362488] [INFO] Worker exiting (pid: 1362488)
[2026-06-12 07:29:15 +0000] [1362487] [ERROR] Exception in worker process
Traceback (most recent call last):
  File "/usr/local/lib/python3.9/site-packages/gunicorn/arbiter.py", line 608, in spawn_worker
    worker.init_process()
  File "/usr/local/lib/python3.9/site-packages/gunicorn/workers/base.py", line 135, in init_process
    self.load_wsgi()
  File "/usr/local/lib/python3.9/site-packages/gunicorn/workers/base.py", line 147, in load_wsgi
    self.wsgi = self.app.wsgi()
  File "/usr/local/lib/python3.9/site-packages/gunicorn/app/base.py", line 66, in wsgi
    self.callable = self.load()
  File "/usr/local/lib/python3.9/site-packages/gunicorn/app/wsgiapp.py", line 57, in load
    return self.load_wsgiapp()
  File "/usr/local/lib/python3.9/site-packages/gunicorn/app/wsgiapp.py", line 47, in load_wsgiapp
    return util.import_app(self.app_uri)
  File "/usr/local/lib/python3.9/site-packages/gunicorn/util.py", line 370, in import_app
    mod = importlib.import_module(module)
  File "/usr/lib64/python3.9/importlib/__init__.py", line 127, in import_module
    return _bootstrap._gcd_import(name[level:], package, level)
  File "<frozen importlib._bootstrap>", line 1030, in _gcd_import
  File "<frozen importlib._bootstrap>", line 1007, in _find_and_load
  File "<frozen importlib._bootstrap>", line 984, in _find_and_load_unlocked
ModuleNotFoundError: No module named 'echo.wsgi'
[2026-06-12 07:29:15 +0000] [1362487] [INFO] Worker exiting (pid: 1362487)
[2026-06-12 08:29:15 +0100] [1339286] [INFO] Worker exiting (pid: 1339286)
Using production settings
initializing core app
initializing chat app
<QuerySet []>
<QuerySet []>
<QuerySet []>
<QuerySet []>
<QuerySet []>
<QuerySet []>
<QuerySet []>
<QuerySet []>
<QuerySet []>
<QuerySet []>
<QuerySet []>
<QuerySet []>
<QuerySet []>
<QuerySet []>
<QuerySet []>
<QuerySet []>
<QuerySet []>
<QuerySet []>
<QuerySet []>
<QuerySet []>
<QuerySet []>
<QuerySet []>
<QuerySet []>
<QuerySet []>
<QuerySet []>
<QuerySet []>
<QuerySet []>
<QuerySet []>
<QuerySet []>
<QuerySet []>
<QuerySet []>
<QuerySet []>
<QuerySet []>
<QuerySet []>
<QuerySet []>
<QuerySet []>
<QuerySet []>
<QuerySet []>
<QuerySet []>
<QuerySet []>
<QuerySet []>
<QuerySet []>
<QuerySet []>
<QuerySet []>
<QuerySet []>
<QuerySet []>
<QuerySet []>
<QuerySet []>
<QuerySet []>
<QuerySet []>
<QuerySet []>
<QuerySet []>
<QuerySet []>
<QuerySet []>
<QuerySet []>
<QuerySet []>
<QuerySet []>
<QuerySet []>
<QuerySet []>
<QuerySet []>
<QuerySet []>
<QuerySet []>
<QuerySet []>
<QuerySet []>
<QuerySet []>
<QuerySet []>
<QuerySet []>
<QuerySet []>
<QuerySet []>
<QuerySet []>
<QuerySet []>
<QuerySet []>
<QuerySet []>
<QuerySet []>
<QuerySet []>
<QuerySet []>
<QuerySet []>
<QuerySet []>
<QuerySet []>
<QuerySet []>
<QuerySet []>
<QuerySet []>
>>>>>>>>> resultat {}
<QuerySet []>
<QuerySet []>
<QuerySet []>
<QuerySet []>
<QuerySet []>
<QuerySet []>
<QuerySet []>
<QuerySet []>
<QuerySet []>
<QuerySet []>
<QuerySet []>
<QuerySet []>
<QuerySet []>
<QuerySet []>
<QuerySet []>
<QuerySet []>
<QuerySet []>
<QuerySet []>
<QuerySet []>
<QuerySet []>
<QuerySet []>
<QuerySet []>
<QuerySet []>
<QuerySet []>
<QuerySet []>
<QuerySet []>
<QuerySet []>
<QuerySet []>
<QuerySet []>
<QuerySet []>
<QuerySet []>
<QuerySet []>
<QuerySet []>
<QuerySet []>
<QuerySet []>
<QuerySet []>
<QuerySet []>
<QuerySet []>
<QuerySet []>
<QuerySet []>
<QuerySet []>
<QuerySet []>
<QuerySet []>
<QuerySet []>
<QuerySet []>
<QuerySet []>
<QuerySet []>
<QuerySet []>
<QuerySet []>
<QuerySet []>
<QuerySet []>
<QuerySet []>
<QuerySet []>
<QuerySet []>
<QuerySet []>
<QuerySet []>
<QuerySet []>
<QuerySet []>
<QuerySet []>
<QuerySet []>
<QuerySet []>
<QuerySet []>
<QuerySet []>
<QuerySet []>
<QuerySet []>
<QuerySet []>
Requesting worklist item with study id 1.2.410.200001.1.13010.2688288675.1.20260611.1142114858.302.1
WorklistItem with UID 1.2.410.200001.1.13010.2688288675.1.20260611.1142114858.302.1 not found
<QuerySet []>
<QuerySet []>
<QuerySet []>
<QuerySet []>
<QuerySet []>
<QuerySet []>
<QuerySet []>
<QuerySet []>
Requesting worklist item with study id 1.2.410.200001.1.13010.2688288675.1.20260611.1145932113.167.1
WorklistItem with UID 1.2.410.200001.1.13010.2688288675.1.20260611.1145932113.167.1 not found
Order col name date
<QuerySet []>
<QuerySet []>
Requesting worklist item with study id 1.2.410.200001.1.13010.2688288675.1.20260611.1155817832.146.1
WorklistItem with UID 1.2.410.200001.1.13010.2688288675.1.20260611.1155817832.146.1 not found
Requesting worklist item with study id 1.2.410.200001.1.13010.2688288675.1.20260611.1171356957.326.1
WorklistItem with UID 1.2.410.200001.1.13010.2688288675.1.20260611.1171356957.326.1 not found
>>>>>>>>> resultat {}
<QuerySet []>
<QuerySet []>
<QuerySet []>
<QuerySet []>
<QuerySet []>
<QuerySet []>
<QuerySet []>
<QuerySet []>
<QuerySet []>
<QuerySet []>
<QuerySet []>
<QuerySet []>
<QuerySet []>
<QuerySet []>
<QuerySet []>
<QuerySet []>
<QuerySet []>
<QuerySet []>
<QuerySet []>
<QuerySet []>
<QuerySet []>
<QuerySet []>
<QuerySet []>
<QuerySet []>
<QuerySet []>
<QuerySet []>
<QuerySet []>
<QuerySet []>
<QuerySet []>
<QuerySet []>
<QuerySet []>
<QuerySet []>
<QuerySet []>
<QuerySet []>
<QuerySet []>
<QuerySet []>
<QuerySet []>
<QuerySet []>
<QuerySet []>
<QuerySet []>
<QuerySet []>
<QuerySet []>
<QuerySet []>
<QuerySet []>
<QuerySet []>
<QuerySet []>
<QuerySet []>
<QuerySet []>
<QuerySet []>
<QuerySet []>
<QuerySet []>
<QuerySet []>
<QuerySet []>
<QuerySet []>
<QuerySet []>
<QuerySet []>
<QuerySet []>
<QuerySet []>
<QuerySet []>
<QuerySet []>
<QuerySet []>
<QuerySet []>
<QuerySet []>
<QuerySet []>
<QuerySet []>
<QuerySet []>
<QuerySet []>
<QuerySet []>
<QuerySet []>
Order col name date
<QuerySet []>
<QuerySet []>
<QuerySet []>
<QuerySet []>
<QuerySet []>
<QuerySet []>
Using production settings
initializing core app
initializing chat app
<QuerySet []>
<QuerySet []>
<QuerySet []>
<QuerySet []>
<QuerySet []>
<QuerySet []>
<QuerySet []>
<QuerySet []>
<QuerySet []>
<QuerySet []>
<QuerySet []>
<QuerySet []>
<QuerySet []>
<QuerySet []>
<QuerySet []>
<QuerySet []>
<QuerySet []>
<QuerySet []>
<QuerySet []>
<QuerySet []>
<QuerySet []>
<QuerySet []>
<QuerySet []>
<QuerySet []>
<QuerySet []>
<QuerySet []>
<QuerySet []>
<QuerySet []>
<QuerySet []>
<QuerySet []>
<QuerySet []>
Requesting worklist item with study id 1.2.410.200001.1.13010.2688288675.1.20260611.1132145696.452.1
WorklistItem with UID 1.2.410.200001.1.13010.2688288675.1.20260611.1132145696.452.1 not found
Requesting worklist item with study id 1.2.410.200001.1.13010.2688288675.1.20260611.1132145696.452.1
WorklistItem with UID 1.2.410.200001.1.13010.2688288675.1.20260611.1132145696.452.1 not found
<QuerySet []>
<QuerySet []>
<QuerySet []>
<QuerySet []>
<QuerySet []>
<QuerySet []>
<QuerySet []>
<QuerySet []>
<QuerySet []>
<QuerySet []>
<QuerySet []>
<QuerySet []>
<QuerySet []>
<QuerySet []>
<QuerySet []>
<QuerySet []>
<QuerySet []>
<QuerySet []>
<QuerySet []>
<QuerySet []>
<QuerySet []>
<QuerySet []>
<QuerySet []>
<QuerySet []>
<QuerySet []>
<QuerySet []>
<QuerySet []>
<QuerySet []>
<QuerySet []>
<QuerySet []>
<QuerySet []>
<QuerySet []>
<QuerySet []>
<QuerySet []>
<QuerySet []>
<QuerySet []>
<QuerySet []>
<QuerySet []>
<QuerySet []>
<QuerySet []>
<QuerySet []>
<QuerySet []>
<QuerySet []>
<QuerySet []>
<QuerySet []>
<QuerySet []>
<QuerySet []>
<QuerySet []>
<QuerySet []>
<QuerySet []>
<QuerySet []>
<QuerySet []>
<QuerySet []>
<QuerySet []>
<QuerySet []>
<QuerySet []>
<QuerySet []>
<QuerySet []>
<QuerySet []>
<QuerySet []>
<QuerySet []>
<QuerySet []>
<QuerySet []>
<QuerySet []>
<QuerySet []>
<QuerySet []>
<QuerySet []>
<QuerySet []>
<QuerySet []>
<QuerySet []>
<QuerySet []>
<QuerySet []>
<QuerySet []>
<QuerySet []>
<QuerySet []>
<QuerySet []>
<QuerySet []>
<QuerySet []>
<QuerySet []>
<QuerySet []>
<QuerySet []>
<QuerySet []>
<QuerySet []>
<QuerySet []>
<QuerySet []>
<QuerySet []>
Requesting worklist item with study id 1.2.410.200001.1.13010.2688288675.1.20260611.1142731240.268.1
WorklistItem with UID 1.2.410.200001.1.13010.2688288675.1.20260611.1142731240.268.1 not found
Requesting worklist item with study id 1.2.410.200001.1.13010.2688288675.1.20260611.1145932113.167.1
WorklistItem with UID 1.2.410.200001.1.13010.2688288675.1.20260611.1145932113.167.1 not found
<QuerySet []>
<QuerySet []>
<QuerySet []>
<QuerySet []>
Requesting worklist item with study id 1.2.410.200001.1.13010.2688288675.1.20260611.1155817832.146.1
WorklistItem with UID 1.2.410.200001.1.13010.2688288675.1.20260611.1155817832.146.1 not found
Requesting worklist item with study id 1.2.410.200001.1.13010.2688288675.1.20260611.1164159159.246.1
WorklistItem with UID 1.2.410.200001.1.13010.2688288675.1.20260611.1164159159.246.1 not found
Requesting worklist item with study id 1.2.410.200001.1.13010.2688288675.1.20260611.1164159159.246.1
WorklistItem with UID 1.2.410.200001.1.13010.2688288675.1.20260611.1164159159.246.1 not found
Requesting worklist item with study id 1.2.410.200001.1.13010.2688288675.1.20260611.1164159159.246.1
WorklistItem with UID 1.2.410.200001.1.13010.2688288675.1.20260611.1164159159.246.1 not found
Order col name date
<QuerySet []>
<QuerySet []>
<QuerySet []>
<QuerySet []>
<QuerySet []>
<QuerySet []>
<QuerySet []>
<QuerySet []>
<QuerySet []>
<QuerySet []>
<QuerySet []>
<QuerySet []>
<QuerySet []>
<QuerySet []>
<QuerySet []>
<QuerySet []>
<QuerySet []>
<QuerySet []>
<QuerySet []>
<QuerySet []>
<QuerySet []>
<QuerySet []>
<QuerySet []>
<QuerySet []>
<QuerySet []>
<QuerySet []>
<QuerySet []>
<QuerySet []>
<QuerySet []>
<QuerySet []>
<QuerySet []>
<QuerySet []>
<QuerySet []>
<QuerySet []>
<QuerySet []>
<QuerySet []>
<QuerySet []>
<QuerySet []>
<QuerySet []>
<QuerySet []>
<QuerySet []>
<QuerySet []>
<QuerySet []>
<QuerySet []>
<QuerySet []>
<QuerySet []>
<QuerySet []>
<QuerySet []>
<QuerySet []>
<QuerySet []>
<QuerySet []>
<QuerySet []>
<QuerySet []>
<QuerySet []>
<QuerySet []>
<QuerySet []>
<QuerySet []>
<QuerySet []>
<QuerySet []>
<QuerySet []>
<QuerySet []>
<QuerySet []>
<QuerySet []>
<QuerySet []>
<QuerySet []>
<QuerySet []>
<QuerySet []>
<QuerySet []>
<QuerySet []>
<QuerySet []>
<QuerySet []>
<QuerySet []>
<QuerySet []>
<QuerySet []>
<QuerySet []>
<QuerySet []>
<QuerySet []>
<QuerySet []>
<QuerySet []>
<QuerySet []>
<QuerySet []>
<QuerySet []>
<QuerySet []>
<QuerySet []>
<QuerySet []>
<QuerySet []>
<QuerySet []>
<QuerySet []>
<QuerySet []>
<QuerySet []>
<QuerySet []>
>>>>>>>>> resultat {}
<QuerySet []>
<QuerySet []>
<QuerySet []>
<QuerySet []>
<QuerySet []>
<QuerySet []>
Using production settings
initializing core app
initializing chat app
<QuerySet []>
<QuerySet []>
<QuerySet []>
<QuerySet []>
<QuerySet []>
<QuerySet []>
<QuerySet []>
<QuerySet []>
<QuerySet []>
<QuerySet []>
<QuerySet []>
<QuerySet []>
<QuerySet []>
<QuerySet []>
<QuerySet []>
<QuerySet []>
<QuerySet []>
<QuerySet []>
<QuerySet []>
<QuerySet []>
<QuerySet []>
<QuerySet []>
<QuerySet []>
<QuerySet []>
<QuerySet []>
Requesting worklist item with study id 1.2.410.200001.1.13010.2688288675.1.20260611.1132145696.452.1
WorklistItem with UID 1.2.410.200001.1.13010.2688288675.1.20260611.1132145696.452.1 not found
<QuerySet []>
<QuerySet []>
<QuerySet []>
<QuerySet []>
<QuerySet []>
<QuerySet []>
<QuerySet []>
<QuerySet []>
<QuerySet []>
<QuerySet []>
<QuerySet []>
<QuerySet []>
<QuerySet []>
<QuerySet []>
<QuerySet []>
<QuerySet []>
<QuerySet []>
<QuerySet []>
<QuerySet []>
<QuerySet []>
<QuerySet []>
<QuerySet []>
<QuerySet []>
<QuerySet []>
<QuerySet []>
<QuerySet []>
Order col 0 identifiant_unique
Filter  nom_naissance 
Filter  nom 
Filter  prenom 
Filter  date_naissance 
Filter  adresse 
Filter  telephone 
Filter   
Filter  ancien_numero 
Filter   
Order col name date
>>>>>>>>> resultat {}
Order col name date
<QuerySet []>
<QuerySet []>
<QuerySet []>
<QuerySet []>
<QuerySet []>
<QuerySet []>
<QuerySet []>
<QuerySet []>
<QuerySet []>
<QuerySet []>
<QuerySet []>
<QuerySet []>
<QuerySet []>
<QuerySet []>
<QuerySet []>
<QuerySet []>
<QuerySet []>
<QuerySet []>
<QuerySet []>
<QuerySet []>
<QuerySet []>
<QuerySet []>
<QuerySet []>
<QuerySet []>
<QuerySet []>
<QuerySet []>
<QuerySet []>
<QuerySet []>
<QuerySet []>
<QuerySet []>
<QuerySet []>
<QuerySet []>
<QuerySet []>
<QuerySet []>
<QuerySet []>
<QuerySet []>
<QuerySet []>
<QuerySet []>
<QuerySet []>
<QuerySet []>
<QuerySet []>
<QuerySet []>
<QuerySet []>
<QuerySet []>
<QuerySet []>
<QuerySet []>
<QuerySet []>
<QuerySet []>
<QuerySet []>
<QuerySet []>
<QuerySet []>
<QuerySet []>
<QuerySet []>
<QuerySet []>
<QuerySet []>
<QuerySet []>
<QuerySet []>
<QuerySet []>
<QuerySet []>
<QuerySet []>
<QuerySet []>
<QuerySet []>
<QuerySet []>
<QuerySet []>
<QuerySet []>
<QuerySet []>
<QuerySet []>
<QuerySet []>
<QuerySet []>
<QuerySet []>
<QuerySet []>
<QuerySet []>
<QuerySet []>
<QuerySet []>
<QuerySet []>
<QuerySet []>
<QuerySet []>
<QuerySet []>
<QuerySet []>
<QuerySet []>
Requesting worklist item with study id 1.2.410.200001.1.13010.2688288675.1.20260611.1145932113.167.1
WorklistItem with UID 1.2.410.200001.1.13010.2688288675.1.20260611.1145932113.167.1 not found
Requesting worklist item with study id 1.2.410.200001.1.13010.2688288675.1.20260611.1145932113.167.1
WorklistItem with UID 1.2.410.200001.1.13010.2688288675.1.20260611.1145932113.167.1 not found
>>>>>>>>> resultat {}
Order col name date
<QuerySet []>
<QuerySet []>
<QuerySet []>
<QuerySet []>
<QuerySet []>
Requesting worklist item with study id 1.2.410.200001.1.13010.2688288675.1.20260611.1164159159.246.1
WorklistItem with UID 1.2.410.200001.1.13010.2688288675.1.20260611.1164159159.246.1 not found
Requesting worklist item with study id 1.2.410.200001.1.13010.2688288675.1.20260611.1171356957.326.1
WorklistItem with UID 1.2.410.200001.1.13010.2688288675.1.20260611.1171356957.326.1 not found
>>>>>>>>> resultat {}
<QuerySet []>
<QuerySet []>
<QuerySet []>
<QuerySet []>
<QuerySet []>
<QuerySet []>
<QuerySet []>
<QuerySet []>
<QuerySet []>
<QuerySet []>
<QuerySet []>
<QuerySet []>
<QuerySet []>
<QuerySet []>
<QuerySet []>
<QuerySet []>
<QuerySet []>
<QuerySet []>
<QuerySet []>
<QuerySet []>
<QuerySet []>
<QuerySet []>
<QuerySet []>
<QuerySet []>
<QuerySet []>
<QuerySet []>
<QuerySet []>
<QuerySet []>
<QuerySet []>
<QuerySet []>
<QuerySet []>
<QuerySet []>
<QuerySet []>
<QuerySet []>
<QuerySet []>
<QuerySet []>
<QuerySet []>
<QuerySet []>
<QuerySet []>
<QuerySet []>
<QuerySet []>
<QuerySet []>
<QuerySet []>
<QuerySet []>
<QuerySet []>
<QuerySet []>
<QuerySet []>
<QuerySet []>
<QuerySet []>
<QuerySet []>
<QuerySet []>
<QuerySet []>
<QuerySet []>
<QuerySet []>
<QuerySet []>
<QuerySet []>
<QuerySet []>
<QuerySet []>
<QuerySet []>
<QuerySet []>
<QuerySet []>
<QuerySet []>
>>>>>>>>> resultat {}
<QuerySet []>
Order col 0 identifiant_unique
Filter  nom_naissance 
Filter  nom 
Filter  prenom 
Filter  date_naissance 
Filter  adresse 
Filter  telephone 
Filter   
Filter  ancien_numero 
Filter   
[2026-06-12 08:29:15 +0100] [1339287] [INFO] Worker exiting (pid: 1339287)
Using production settings
initializing core app
initializing chat app
<QuerySet []>
<QuerySet []>
<QuerySet []>
<QuerySet []>
<QuerySet []>
<QuerySet []>
<QuerySet []>
<QuerySet []>
<QuerySet []>
<QuerySet []>
<QuerySet []>
<QuerySet []>
<QuerySet []>
<QuerySet []>
<QuerySet []>
<QuerySet []>
<QuerySet []>
<QuerySet []>
<QuerySet []>
<QuerySet []>
<QuerySet []>
<QuerySet []>
<QuerySet []>
<QuerySet []>
<QuerySet []>
<QuerySet []>
<QuerySet []>
<QuerySet []>
<QuerySet []>
<QuerySet []>
<QuerySet []>
<QuerySet []>
Requesting worklist item with study id 1.2.410.200001.1.13010.2688288675.1.20260611.1132145696.452.1
WorklistItem with UID 1.2.410.200001.1.13010.2688288675.1.20260611.1132145696.452.1 not found
<QuerySet []>
<QuerySet []>
<QuerySet []>
<QuerySet []>
<QuerySet []>
<QuerySet []>
<QuerySet []>
<QuerySet []>
<QuerySet []>
<QuerySet []>
<QuerySet []>
<QuerySet []>
<QuerySet []>
<QuerySet []>
<QuerySet []>
<QuerySet []>
<QuerySet []>
<QuerySet []>
<QuerySet []>
<QuerySet []>
<QuerySet []>
<QuerySet []>
<QuerySet []>
<QuerySet []>
>>>>>>>>> resultat {}
Order col 0 identifiant_unique
Filter  nom_naissance 
Filter  nom 
Filter  prenom 
Filter  date_naissance 
Filter  adresse 
Filter  telephone 
Filter   
Filter  ancien_numero 
Filter   
Order col name date
Order col name date
Order col name date
<QuerySet []>
<QuerySet []>
<QuerySet []>
<QuerySet []>
<QuerySet []>
<QuerySet []>
<QuerySet []>
<QuerySet []>
<QuerySet []>
<QuerySet []>
<QuerySet []>
<QuerySet []>
<QuerySet []>
<QuerySet []>
<QuerySet []>
<QuerySet []>
<QuerySet []>
<QuerySet []>
<QuerySet []>
<QuerySet []>
<QuerySet []>
<QuerySet []>
<QuerySet []>
<QuerySet []>
<QuerySet []>
<QuerySet []>
<QuerySet []>
<QuerySet []>
<QuerySet []>
<QuerySet []>
<QuerySet []>
<QuerySet []>
<QuerySet []>
<QuerySet []>
<QuerySet []>
<QuerySet []>
<QuerySet []>
<QuerySet []>
<QuerySet []>
<QuerySet []>
<QuerySet []>
<QuerySet []>
<QuerySet []>
<QuerySet []>
<QuerySet []>
<QuerySet []>
<QuerySet []>
Requesting worklist item with study id 1.2.410.200001.1.13010.2688288675.1.20260611.1142114858.302.1
WorklistItem with UID 1.2.410.200001.1.13010.2688288675.1.20260611.1142114858.302.1 not found
Requesting worklist item with study id 1.2.410.200001.1.13010.2688288675.1.20260611.1142731240.268.1
WorklistItem with UID 1.2.410.200001.1.13010.2688288675.1.20260611.1142731240.268.1 not found
>>>>>>>>> resultat {}
Requesting worklist item with study id 1.2.410.200001.1.13010.2688288675.1.20260611.1162853931.268.1
WorklistItem with UID 1.2.410.200001.1.13010.2688288675.1.20260611.1162853931.268.1 not found
Requesting worklist item with study id 1.2.410.200001.1.13010.2688288675.1.20260611.1164159159.246.1
WorklistItem with UID 1.2.410.200001.1.13010.2688288675.1.20260611.1164159159.246.1 not found
Requesting worklist item with study id 1.2.410.200001.1.13010.2688288675.1.20260611.1164159159.246.1
WorklistItem with UID 1.2.410.200001.1.13010.2688288675.1.20260611.1164159159.246.1 not found
Requesting worklist item with study id 1.2.410.200001.1.13010.2688288675.1.20260611.1171356957.326.1
WorklistItem with UID 1.2.410.200001.1.13010.2688288675.1.20260611.1171356957.326.1 not found
Order col name date
<QuerySet []>
<QuerySet []>
<QuerySet []>
<QuerySet []>
<QuerySet []>
<QuerySet []>
<QuerySet []>
<QuerySet []>
<QuerySet []>
<QuerySet []>
<QuerySet []>
<QuerySet []>
<QuerySet []>
<QuerySet []>
<QuerySet []>
<QuerySet []>
<QuerySet []>
<QuerySet []>
<QuerySet []>
<QuerySet []>
<QuerySet []>
<QuerySet []>
<QuerySet []>
<QuerySet []>
<QuerySet []>
<QuerySet []>
<QuerySet []>
<QuerySet []>
<QuerySet []>
<QuerySet []>
<QuerySet []>
<QuerySet []>
<QuerySet []>
<QuerySet []>
<QuerySet []>
<QuerySet []>
<QuerySet []>
<QuerySet []>
<QuerySet []>
<QuerySet []>
<QuerySet []>
<QuerySet []>
<QuerySet []>
<QuerySet []>
<QuerySet []>
<QuerySet []>
<QuerySet []>
<QuerySet []>
<QuerySet []>
<QuerySet []>
<QuerySet []>
<QuerySet []>
<QuerySet []>
<QuerySet []>
<QuerySet []>
<QuerySet []>
<QuerySet []>
<QuerySet []>
<QuerySet []>
<QuerySet []>
<QuerySet []>
<QuerySet []>
<QuerySet []>
<QuerySet []>
<QuerySet []>
<QuerySet []>
<QuerySet []>
<QuerySet []>
<QuerySet []>
<QuerySet []>
<QuerySet []>
<QuerySet []>
<QuerySet []>
<QuerySet []>
<QuerySet []>
<QuerySet []>
<QuerySet []>
<QuerySet []>
<QuerySet []>
<QuerySet []>
<QuerySet []>
<QuerySet []>
Order col name date
<QuerySet []>
Order col 0 identifiant_unique
Filter  nom_naissance 
Filter  nom 
Filter  prenom 
Filter  date_naissance 
Filter  adresse 
Filter  telephone 
Filter   
Filter  ancien_numero 
Filter   
[2026-06-12 07:29:16 +0000] [1260764] [ERROR] Worker (pid:1362486) exited with code 3
[2026-06-12 07:29:16 +0000] [1260764] [ERROR] Worker (pid:1362488) exited with code 3
Traceback (most recent call last):
  File "/usr/local/lib/python3.9/site-packages/gunicorn/arbiter.py", line 208, in run
[2026-06-12 07:29:16 +0000] [1260764] [ERROR] Worker (pid:1362485) exited with code 3
  File "/usr/local/lib/python3.9/site-packages/gunicorn/arbiter.py", line 359, in sleep
    ready = select.select([self.PIPE[0]], [], [], 1.0)
  File "/usr/local/lib/python3.9/site-packages/gunicorn/arbiter.py", line 241, in handle_chld
    self.reap_workers()
  File "/usr/local/lib/python3.9/site-packages/gunicorn/arbiter.py", line 529, in reap_workers
    raise HaltServer(reason, self.WORKER_BOOT_ERROR)
gunicorn.errors.HaltServer: <HaltServer 'Worker failed to boot.' 3>

During handling of the above exception, another exception occurred:

Traceback (most recent call last):
  File "/usr/local/bin/gunicorn", line 7, in <module>
    sys.exit(run())
  File "/usr/local/lib/python3.9/site-packages/gunicorn/app/wsgiapp.py", line 66, in run
    WSGIApplication("%(prog)s [OPTIONS] [APP_MODULE]", prog=prog).run()
  File "/usr/local/lib/python3.9/site-packages/gunicorn/app/base.py", line 235, in run
    super().run()
  File "/usr/local/lib/python3.9/site-packages/gunicorn/app/base.py", line 71, in run
    Arbiter(self).run()
  File "/usr/local/lib/python3.9/site-packages/gunicorn/arbiter.py", line 228, in run
    self.halt(reason=inst.reason, exit_status=inst.exit_status)
  File "/usr/local/lib/python3.9/site-packages/gunicorn/arbiter.py", line 341, in halt
    self.stop()
  File "/usr/local/lib/python3.9/site-packages/gunicorn/arbiter.py", line 395, in stop
    time.sleep(0.1)
  File "/usr/local/lib/python3.9/site-packages/gunicorn/arbiter.py", line 241, in handle_chld
    self.reap_workers()
  File "/usr/local/lib/python3.9/site-packages/gunicorn/arbiter.py", line 529, in reap_workers
    raise HaltServer(reason, self.WORKER_BOOT_ERROR)
gunicorn.errors.HaltServer: <HaltServer 'Worker failed to boot.' 3>
[2026-06-12 07:31:27 +0000] [1364841] [INFO] Starting gunicorn 23.0.0
[2026-06-12 07:31:27 +0000] [1364841] [INFO] Listening at: http://0.0.0.0:8001 (1364841)
[2026-06-12 07:31:27 +0000] [1364841] [INFO] Using worker: sync
[2026-06-12 07:31:27 +0000] [1364842] [INFO] Booting worker with pid: 1364842
[2026-06-12 07:31:27 +0000] [1364842] [ERROR] Exception in worker process
Traceback (most recent call last):
  File "/usr/local/lib/python3.9/site-packages/gunicorn/arbiter.py", line 608, in spawn_worker
    worker.init_process()
  File "/usr/local/lib/python3.9/site-packages/gunicorn/workers/base.py", line 135, in init_process
    self.load_wsgi()
  File "/usr/local/lib/python3.9/site-packages/gunicorn/workers/base.py", line 147, in load_wsgi
    self.wsgi = self.app.wsgi()
  File "/usr/local/lib/python3.9/site-packages/gunicorn/app/base.py", line 66, in wsgi
    self.callable = self.load()
  File "/usr/local/lib/python3.9/site-packages/gunicorn/app/wsgiapp.py", line 57, in load
    return self.load_wsgiapp()
  File "/usr/local/lib/python3.9/site-packages/gunicorn/app/wsgiapp.py", line 47, in load_wsgiapp
    return util.import_app(self.app_uri)
  File "/usr/local/lib/python3.9/site-packages/gunicorn/util.py", line 370, in import_app
    mod = importlib.import_module(module)
  File "/usr/lib64/python3.9/importlib/__init__.py", line 127, in import_module
    return _bootstrap._gcd_import(name[level:], package, level)
  File "<frozen importlib._bootstrap>", line 1030, in _gcd_import
  File "<frozen importlib._bootstrap>", line 1007, in _find_and_load
  File "<frozen importlib._bootstrap>", line 984, in _find_and_load_unlocked
ModuleNotFoundError: No module named 'echo.wsgi'
[2026-06-12 07:31:27 +0000] [1364842] [INFO] Worker exiting (pid: 1364842)
[2026-06-12 07:31:27 +0000] [1364841] [ERROR] Worker (pid:1364842) exited with code 3
[2026-06-12 07:31:27 +0000] [1364841] [ERROR] Shutting down: Master
[2026-06-12 07:31:27 +0000] [1364841] [ERROR] Reason: Worker failed to boot.
[2026-06-12 08:59:55 +0000] [1367006] [INFO] Starting gunicorn 20.1.0
[2026-06-12 08:59:55 +0000] [1367006] [INFO] Listening at: http://127.0.0.1:8001 (1367006)
[2026-06-12 08:59:55 +0000] [1367006] [INFO] Using worker: sync
[2026-06-12 08:59:55 +0000] [1367007] [INFO] Booting worker with pid: 1367007
[2026-06-12 08:59:55 +0000] [1367007] [ERROR] Exception in worker process
Traceback (most recent call last):
  File "/home/echo/venv/lib64/python3.9/site-packages/gunicorn/arbiter.py", line 589, in spawn_worker
    worker.init_process()
  File "/home/echo/venv/lib64/python3.9/site-packages/gunicorn/workers/base.py", line 134, in init_process
    self.load_wsgi()
  File "/home/echo/venv/lib64/python3.9/site-packages/gunicorn/workers/base.py", line 146, in load_wsgi
    self.wsgi = self.app.wsgi()
  File "/home/echo/venv/lib64/python3.9/site-packages/gunicorn/app/base.py", line 67, in wsgi
    self.callable = self.load()
  File "/home/echo/venv/lib64/python3.9/site-packages/gunicorn/app/wsgiapp.py", line 58, in load
    return self.load_wsgiapp()
  File "/home/echo/venv/lib64/python3.9/site-packages/gunicorn/app/wsgiapp.py", line 48, in load_wsgiapp
    return util.import_app(self.app_uri)
  File "/home/echo/venv/lib64/python3.9/site-packages/gunicorn/util.py", line 359, in import_app
    mod = importlib.import_module(module)
  File "/usr/lib64/python3.9/importlib/__init__.py", line 127, in import_module
    return _bootstrap._gcd_import(name[level:], package, level)
  File "<frozen importlib._bootstrap>", line 1030, in _gcd_import
  File "<frozen importlib._bootstrap>", line 1007, in _find_and_load
  File "<frozen importlib._bootstrap>", line 984, in _find_and_load_unlocked
ModuleNotFoundError: No module named 'echo.wsgi'
[2026-06-12 08:59:55 +0000] [1367007] [INFO] Worker exiting (pid: 1367007)
[2026-06-12 08:59:55 +0000] [1367006] [INFO] Shutting down: Master
[2026-06-12 08:59:55 +0000] [1367006] [INFO] Reason: Worker failed to boot.
[2026-06-12 09:00:12 +0000] [1367219] [INFO] Starting gunicorn 23.0.0
[2026-06-12 09:00:12 +0000] [1367219] [INFO] Listening at: http://127.0.0.1:8001 (1367219)
[2026-06-12 09:00:12 +0000] [1367219] [INFO] Using worker: sync
[2026-06-12 09:00:12 +0000] [1367220] [INFO] Booting worker with pid: 1367220
[2026-06-12 09:00:12 +0000] [1367220] [ERROR] Exception in worker process
Traceback (most recent call last):
  File "/usr/local/lib/python3.9/site-packages/gunicorn/arbiter.py", line 608, in spawn_worker
    worker.init_process()
  File "/usr/local/lib/python3.9/site-packages/gunicorn/workers/base.py", line 135, in init_process
    self.load_wsgi()
  File "/usr/local/lib/python3.9/site-packages/gunicorn/workers/base.py", line 147, in load_wsgi
    self.wsgi = self.app.wsgi()
  File "/usr/local/lib/python3.9/site-packages/gunicorn/app/base.py", line 66, in wsgi
    self.callable = self.load()
  File "/usr/local/lib/python3.9/site-packages/gunicorn/app/wsgiapp.py", line 57, in load
    return self.load_wsgiapp()
  File "/usr/local/lib/python3.9/site-packages/gunicorn/app/wsgiapp.py", line 47, in load_wsgiapp
    return util.import_app(self.app_uri)
  File "/usr/local/lib/python3.9/site-packages/gunicorn/util.py", line 370, in import_app
    mod = importlib.import_module(module)
  File "/usr/lib64/python3.9/importlib/__init__.py", line 127, in import_module
    return _bootstrap._gcd_import(name[level:], package, level)
  File "<frozen importlib._bootstrap>", line 1030, in _gcd_import
  File "<frozen importlib._bootstrap>", line 1007, in _find_and_load
  File "<frozen importlib._bootstrap>", line 984, in _find_and_load_unlocked
ModuleNotFoundError: No module named 'echo.wsgi'
[2026-06-12 09:00:12 +0000] [1367220] [INFO] Worker exiting (pid: 1367220)
[2026-06-12 09:00:12 +0000] [1367219] [ERROR] Worker (pid:1367220) exited with code 3
[2026-06-12 09:00:12 +0000] [1367219] [ERROR] Shutting down: Master
[2026-06-12 09:00:12 +0000] [1367219] [ERROR] Reason: Worker failed to boot.
[2026-06-12 09:00:54 +0000] [1367696] [INFO] Starting gunicorn 23.0.0
[2026-06-12 09:00:54 +0000] [1367696] [INFO] Listening at: http://127.0.0.1:8001 (1367696)
[2026-06-12 09:00:54 +0000] [1367696] [INFO] Using worker: sync
[2026-06-12 09:00:54 +0000] [1367698] [INFO] Booting worker with pid: 1367698
[2026-06-12 09:00:54 +0000] [1367698] [ERROR] Exception in worker process
Traceback (most recent call last):
  File "/usr/local/lib/python3.9/site-packages/gunicorn/arbiter.py", line 608, in spawn_worker
    worker.init_process()
  File "/usr/local/lib/python3.9/site-packages/gunicorn/workers/base.py", line 135, in init_process
    self.load_wsgi()
  File "/usr/local/lib/python3.9/site-packages/gunicorn/workers/base.py", line 147, in load_wsgi
    self.wsgi = self.app.wsgi()
  File "/usr/local/lib/python3.9/site-packages/gunicorn/app/base.py", line 66, in wsgi
    self.callable = self.load()
  File "/usr/local/lib/python3.9/site-packages/gunicorn/app/wsgiapp.py", line 57, in load
    return self.load_wsgiapp()
  File "/usr/local/lib/python3.9/site-packages/gunicorn/app/wsgiapp.py", line 47, in load_wsgiapp
    return util.import_app(self.app_uri)
  File "/usr/local/lib/python3.9/site-packages/gunicorn/util.py", line 370, in import_app
    mod = importlib.import_module(module)
  File "/usr/lib64/python3.9/importlib/__init__.py", line 127, in import_module
    return _bootstrap._gcd_import(name[level:], package, level)
  File "<frozen importlib._bootstrap>", line 1030, in _gcd_import
  File "<frozen importlib._bootstrap>", line 1007, in _find_and_load
  File "<frozen importlib._bootstrap>", line 984, in _find_and_load_unlocked
ModuleNotFoundError: No module named 'echo.wsgi'
[2026-06-12 09:00:54 +0000] [1367698] [INFO] Worker exiting (pid: 1367698)
[2026-06-12 09:00:54 +0000] [1367696] [ERROR] Worker (pid:1367698) exited with code 3
[2026-06-12 09:00:54 +0000] [1367696] [ERROR] Shutting down: Master
[2026-06-12 09:00:54 +0000] [1367696] [ERROR] Reason: Worker failed to boot.
[2026-06-12 09:03:20 +0000] [1369765] [INFO] Starting gunicorn 23.0.0
[2026-06-12 09:03:20 +0000] [1369765] [INFO] Listening at: http://127.0.0.1:8001 (1369765)
[2026-06-12 09:03:20 +0000] [1369765] [INFO] Using worker: sync
[2026-06-12 09:03:20 +0000] [1369766] [INFO] Booting worker with pid: 1369766
[2026-06-12 09:03:20 +0000] [1369767] [INFO] Booting worker with pid: 1369767
[2026-06-12 09:03:20 +0000] [1369768] [INFO] Booting worker with pid: 1369768
pylibjpeg v2.0.1
pylibjpeg v2.0.1
pylibjpeg v2.0.1
Found plugin(s) for entry point 'pylibjpeg.pixel_data_encoders'
  Found plugin 'openjpeg' for UID '1.2.840.10008.1.2.4.91'
Found plugin(s) for entry point 'pylibjpeg.pixel_data_encoders'
  Found plugin 'openjpeg' for UID '1.2.840.10008.1.2.4.91'
Found plugin(s) for entry point 'pylibjpeg.pixel_data_encoders'
  Found plugin 'openjpeg' for UID '1.2.840.10008.1.2.4.91'
pylibjpeg-openjpeg v2.5.0
  Found plugin 'openjpeg' for UID '1.2.840.10008.1.2.4.90'
pylibjpeg-openjpeg v2.5.0
  Found plugin 'openjpeg' for UID '1.2.840.10008.1.2.4.90'
pylibjpeg-openjpeg v2.5.0
  Found plugin 'openjpeg' for UID '1.2.840.10008.1.2.4.90'
Found plugin(s) for entry point 'pylibjpeg.pixel_data_decoders'
Found plugin(s) for entry point 'pylibjpeg.pixel_data_decoders'
  Found plugin 'openjpeg' for UID '1.2.840.10008.1.2.4.203'
  Found plugin 'libjpeg' for UID '1.2.840.10008.1.2.4.80'
  Found plugin 'libjpeg' for UID '1.2.840.10008.1.2.4.57'
  Found plugin 'openjpeg' for UID '1.2.840.10008.1.2.4.203'
  Found plugin 'libjpeg' for UID '1.2.840.10008.1.2.4.80'
  Found plugin 'libjpeg' for UID '1.2.840.10008.1.2.4.57'
  Found plugin 'openjpeg' for UID '1.2.840.10008.1.2.4.91'
  Found plugin 'libjpeg' for UID '1.2.840.10008.1.2.4.81'
  Found plugin 'openjpeg' for UID '1.2.840.10008.1.2.4.90'
  Found plugin 'openjpeg' for UID '1.2.840.10008.1.2.4.201'
  Found plugin 'libjpeg' for UID '1.2.840.10008.1.2.4.51'
  Found plugin 'openjpeg' for UID '1.2.840.10008.1.2.4.202'
  Found plugin 'libjpeg' for UID '1.2.840.10008.1.2.4.70'
  Found plugin 'libjpeg' for UID '1.2.840.10008.1.2.4.50'
Found plugin(s) for entry point 'pylibjpeg.pixel_data_decoders'
  Found plugin 'openjpeg' for UID '1.2.840.10008.1.2.4.203'
  Found plugin 'libjpeg' for UID '1.2.840.10008.1.2.4.80'
  Found plugin 'libjpeg' for UID '1.2.840.10008.1.2.4.57'
  Found plugin 'openjpeg' for UID '1.2.840.10008.1.2.4.91'
  Found plugin 'libjpeg' for UID '1.2.840.10008.1.2.4.81'
  Found plugin 'openjpeg' for UID '1.2.840.10008.1.2.4.90'
  Found plugin 'openjpeg' for UID '1.2.840.10008.1.2.4.201'
  Found plugin 'libjpeg' for UID '1.2.840.10008.1.2.4.51'
  Found plugin 'openjpeg' for UID '1.2.840.10008.1.2.4.202'
  Found plugin 'libjpeg' for UID '1.2.840.10008.1.2.4.70'
  Found plugin 'libjpeg' for UID '1.2.840.10008.1.2.4.50'
  Found plugin 'openjpeg' for UID '1.2.840.10008.1.2.4.91'
  Found plugin 'libjpeg' for UID '1.2.840.10008.1.2.4.81'
  Found plugin 'openjpeg' for UID '1.2.840.10008.1.2.4.90'
  Found plugin 'openjpeg' for UID '1.2.840.10008.1.2.4.201'
  Found plugin 'libjpeg' for UID '1.2.840.10008.1.2.4.51'
  Found plugin 'openjpeg' for UID '1.2.840.10008.1.2.4.202'
  Found plugin 'libjpeg' for UID '1.2.840.10008.1.2.4.70'
  Found plugin 'libjpeg' for UID '1.2.840.10008.1.2.4.50'
[2026-06-12 10:05:20 +0100] [1369768] [INFO] Worker exiting (pid: 1369768)
Using production settings
initializing core app
initializing chat app
[2026-06-12 10:05:20 +0100] [1369767] [INFO] Worker exiting (pid: 1369767)
Using production settings
initializing core app
initializing chat app
[2026-06-12 10:05:20 +0100] [1369766] [INFO] Worker exiting (pid: 1369766)
Using production settings
initializing core app
initializing chat app
[2026-06-12 09:05:20 +0000] [1369765] [INFO] Handling signal: term
[2026-06-12 09:05:20 +0000] [1369765] [ERROR] Worker (pid:1369768) was sent SIGTERM!
[2026-06-12 09:05:20 +0000] [1369765] [ERROR] Worker (pid:1369766) was sent SIGTERM!
[2026-06-12 09:05:20 +0000] [1369765] [ERROR] Worker (pid:1369767) was sent SIGTERM!
[2026-06-12 09:05:20 +0000] [1369765] [INFO] Shutting down: Master
[2026-06-12 09:05:38 +0000] [1370119] [INFO] Starting gunicorn 23.0.0
[2026-06-12 09:05:38 +0000] [1370119] [INFO] Listening at: http://127.0.0.1:8001 (1370119)
[2026-06-12 09:05:38 +0000] [1370119] [INFO] Using worker: sync
[2026-06-12 09:05:38 +0000] [1370120] [INFO] Booting worker with pid: 1370120
[2026-06-12 09:05:38 +0000] [1370121] [INFO] Booting worker with pid: 1370121
[2026-06-12 09:05:38 +0000] [1370123] [INFO] Booting worker with pid: 1370123
pylibjpeg v2.0.1
Found plugin(s) for entry point 'pylibjpeg.pixel_data_encoders'
  Found plugin 'openjpeg' for UID '1.2.840.10008.1.2.4.91'
pylibjpeg-openjpeg v2.5.0
  Found plugin 'openjpeg' for UID '1.2.840.10008.1.2.4.90'
Found plugin(s) for entry point 'pylibjpeg.pixel_data_decoders'
  Found plugin 'libjpeg' for UID '1.2.840.10008.1.2.4.57'
  Found plugin 'openjpeg' for UID '1.2.840.10008.1.2.4.203'
  Found plugin 'openjpeg' for UID '1.2.840.10008.1.2.4.90'
  Found plugin 'libjpeg' for UID '1.2.840.10008.1.2.4.51'
  Found plugin 'libjpeg' for UID '1.2.840.10008.1.2.4.70'
  Found plugin 'openjpeg' for UID '1.2.840.10008.1.2.4.201'
  Found plugin 'libjpeg' for UID '1.2.840.10008.1.2.4.50'
  Found plugin 'libjpeg' for UID '1.2.840.10008.1.2.4.80'
  Found plugin 'libjpeg' for UID '1.2.840.10008.1.2.4.81'
  Found plugin 'openjpeg' for UID '1.2.840.10008.1.2.4.202'
  Found plugin 'openjpeg' for UID '1.2.840.10008.1.2.4.91'
pylibjpeg v2.0.1
Found plugin(s) for entry point 'pylibjpeg.pixel_data_encoders'
  Found plugin 'openjpeg' for UID '1.2.840.10008.1.2.4.91'
pylibjpeg-openjpeg v2.5.0
  Found plugin 'openjpeg' for UID '1.2.840.10008.1.2.4.90'
Found plugin(s) for entry point 'pylibjpeg.pixel_data_decoders'
  Found plugin 'libjpeg' for UID '1.2.840.10008.1.2.4.57'
  Found plugin 'openjpeg' for UID '1.2.840.10008.1.2.4.203'
  Found plugin 'openjpeg' for UID '1.2.840.10008.1.2.4.90'
  Found plugin 'libjpeg' for UID '1.2.840.10008.1.2.4.51'
  Found plugin 'libjpeg' for UID '1.2.840.10008.1.2.4.70'
  Found plugin 'openjpeg' for UID '1.2.840.10008.1.2.4.201'
  Found plugin 'libjpeg' for UID '1.2.840.10008.1.2.4.50'
  Found plugin 'libjpeg' for UID '1.2.840.10008.1.2.4.80'
  Found plugin 'libjpeg' for UID '1.2.840.10008.1.2.4.81'
  Found plugin 'openjpeg' for UID '1.2.840.10008.1.2.4.202'
  Found plugin 'openjpeg' for UID '1.2.840.10008.1.2.4.91'
pylibjpeg v2.0.1
Found plugin(s) for entry point 'pylibjpeg.pixel_data_encoders'
  Found plugin 'openjpeg' for UID '1.2.840.10008.1.2.4.91'
pylibjpeg-openjpeg v2.5.0
  Found plugin 'openjpeg' for UID '1.2.840.10008.1.2.4.90'
Found plugin(s) for entry point 'pylibjpeg.pixel_data_decoders'
  Found plugin 'libjpeg' for UID '1.2.840.10008.1.2.4.57'
  Found plugin 'openjpeg' for UID '1.2.840.10008.1.2.4.203'
  Found plugin 'openjpeg' for UID '1.2.840.10008.1.2.4.90'
  Found plugin 'libjpeg' for UID '1.2.840.10008.1.2.4.51'
  Found plugin 'libjpeg' for UID '1.2.840.10008.1.2.4.70'
  Found plugin 'openjpeg' for UID '1.2.840.10008.1.2.4.201'
  Found plugin 'libjpeg' for UID '1.2.840.10008.1.2.4.50'
  Found plugin 'libjpeg' for UID '1.2.840.10008.1.2.4.80'
  Found plugin 'libjpeg' for UID '1.2.840.10008.1.2.4.81'
  Found plugin 'openjpeg' for UID '1.2.840.10008.1.2.4.202'
  Found plugin 'openjpeg' for UID '1.2.840.10008.1.2.4.91'
[2026-06-12 10:05:48 +0100] [1370123] [INFO] Worker exiting (pid: 1370123)
Using production settings
initializing core app
initializing chat app
[2026-06-12 10:05:48 +0100] [1370121] [INFO] Worker exiting (pid: 1370121)
Using production settings
initializing core app
initializing chat app
[2026-06-12 10:05:48 +0100] [1370120] [INFO] Worker exiting (pid: 1370120)
Using production settings
initializing core app
initializing chat app
[2026-06-12 09:05:48 +0000] [1370119] [INFO] Handling signal: term
[2026-06-12 09:05:48 +0000] [1370119] [ERROR] Worker (pid:1370121) was sent SIGTERM!
[2026-06-12 09:05:48 +0000] [1370119] [ERROR] Worker (pid:1370120) was sent SIGTERM!
[2026-06-12 09:05:48 +0000] [1370119] [ERROR] Worker (pid:1370123) was sent SIGTERM!
[2026-06-12 09:05:48 +0000] [1370119] [INFO] Shutting down: Master
[2026-06-12 09:06:05 +0000] [1370446] [INFO] Starting gunicorn 23.0.0
[2026-06-12 09:06:05 +0000] [1370446] [INFO] Listening at: http://127.0.0.1:8001 (1370446)
[2026-06-12 09:06:05 +0000] [1370446] [INFO] Using worker: sync
[2026-06-12 09:06:05 +0000] [1370447] [INFO] Booting worker with pid: 1370447
[2026-06-12 09:06:05 +0000] [1370448] [INFO] Booting worker with pid: 1370448
[2026-06-12 09:06:05 +0000] [1370450] [INFO] Booting worker with pid: 1370450
pylibjpeg v2.0.1
Found plugin(s) for entry point 'pylibjpeg.pixel_data_encoders'
  Found plugin 'openjpeg' for UID '1.2.840.10008.1.2.4.90'
pylibjpeg-openjpeg v2.5.0
  Found plugin 'openjpeg' for UID '1.2.840.10008.1.2.4.91'
Found plugin(s) for entry point 'pylibjpeg.pixel_data_decoders'
  Found plugin 'libjpeg' for UID '1.2.840.10008.1.2.4.81'
  Found plugin 'libjpeg' for UID '1.2.840.10008.1.2.4.57'
  Found plugin 'openjpeg' for UID '1.2.840.10008.1.2.4.201'
  Found plugin 'libjpeg' for UID '1.2.840.10008.1.2.4.70'
  Found plugin 'openjpeg' for UID '1.2.840.10008.1.2.4.91'
  Found plugin 'openjpeg' for UID '1.2.840.10008.1.2.4.203'
  Found plugin 'libjpeg' for UID '1.2.840.10008.1.2.4.50'
  Found plugin 'openjpeg' for UID '1.2.840.10008.1.2.4.90'
  Found plugin 'libjpeg' for UID '1.2.840.10008.1.2.4.51'
  Found plugin 'libjpeg' for UID '1.2.840.10008.1.2.4.80'
  Found plugin 'openjpeg' for UID '1.2.840.10008.1.2.4.202'
pylibjpeg v2.0.1
Found plugin(s) for entry point 'pylibjpeg.pixel_data_encoders'
  Found plugin 'openjpeg' for UID '1.2.840.10008.1.2.4.90'
pylibjpeg-openjpeg v2.5.0
  Found plugin 'openjpeg' for UID '1.2.840.10008.1.2.4.91'
Found plugin(s) for entry point 'pylibjpeg.pixel_data_decoders'
  Found plugin 'libjpeg' for UID '1.2.840.10008.1.2.4.81'
  Found plugin 'libjpeg' for UID '1.2.840.10008.1.2.4.57'
  Found plugin 'openjpeg' for UID '1.2.840.10008.1.2.4.201'
  Found plugin 'libjpeg' for UID '1.2.840.10008.1.2.4.70'
  Found plugin 'openjpeg' for UID '1.2.840.10008.1.2.4.91'
  Found plugin 'openjpeg' for UID '1.2.840.10008.1.2.4.203'
  Found plugin 'libjpeg' for UID '1.2.840.10008.1.2.4.50'
  Found plugin 'openjpeg' for UID '1.2.840.10008.1.2.4.90'
  Found plugin 'libjpeg' for UID '1.2.840.10008.1.2.4.51'
  Found plugin 'libjpeg' for UID '1.2.840.10008.1.2.4.80'
  Found plugin 'openjpeg' for UID '1.2.840.10008.1.2.4.202'
pylibjpeg v2.0.1
Found plugin(s) for entry point 'pylibjpeg.pixel_data_encoders'
  Found plugin 'openjpeg' for UID '1.2.840.10008.1.2.4.90'
pylibjpeg-openjpeg v2.5.0
  Found plugin 'openjpeg' for UID '1.2.840.10008.1.2.4.91'
Found plugin(s) for entry point 'pylibjpeg.pixel_data_decoders'
  Found plugin 'libjpeg' for UID '1.2.840.10008.1.2.4.81'
  Found plugin 'libjpeg' for UID '1.2.840.10008.1.2.4.57'
  Found plugin 'openjpeg' for UID '1.2.840.10008.1.2.4.201'
  Found plugin 'libjpeg' for UID '1.2.840.10008.1.2.4.70'
  Found plugin 'openjpeg' for UID '1.2.840.10008.1.2.4.91'
  Found plugin 'openjpeg' for UID '1.2.840.10008.1.2.4.203'
  Found plugin 'libjpeg' for UID '1.2.840.10008.1.2.4.50'
  Found plugin 'openjpeg' for UID '1.2.840.10008.1.2.4.90'
  Found plugin 'libjpeg' for UID '1.2.840.10008.1.2.4.51'
  Found plugin 'libjpeg' for UID '1.2.840.10008.1.2.4.80'
  Found plugin 'openjpeg' for UID '1.2.840.10008.1.2.4.202'
[2026-06-12 09:09:49 +0000] [1377184] [INFO] Starting gunicorn 23.0.0
[2026-06-12 09:09:49 +0000] [1377184] [ERROR] Connection in use: ('127.0.0.1', 8001)
[2026-06-12 09:09:49 +0000] [1377184] [ERROR] connection to ('127.0.0.1', 8001) failed: [Errno 98] Address already in use
[2026-06-12 09:09:50 +0000] [1377184] [ERROR] Connection in use: ('127.0.0.1', 8001)
[2026-06-12 09:09:50 +0000] [1377184] [ERROR] connection to ('127.0.0.1', 8001) failed: [Errno 98] Address already in use
[2026-06-12 09:09:51 +0000] [1377184] [ERROR] Connection in use: ('127.0.0.1', 8001)
[2026-06-12 09:09:51 +0000] [1377184] [ERROR] connection to ('127.0.0.1', 8001) failed: [Errno 98] Address already in use
[2026-06-12 09:09:52 +0000] [1377184] [ERROR] Connection in use: ('127.0.0.1', 8001)
[2026-06-12 09:09:52 +0000] [1377184] [ERROR] connection to ('127.0.0.1', 8001) failed: [Errno 98] Address already in use
[2026-06-12 09:09:53 +0000] [1377184] [ERROR] Connection in use: ('127.0.0.1', 8001)
[2026-06-12 09:09:53 +0000] [1377184] [ERROR] connection to ('127.0.0.1', 8001) failed: [Errno 98] Address already in use
[2026-06-12 09:09:54 +0000] [1377184] [ERROR] Can't connect to ('127.0.0.1', 8001)
[2026-06-12 09:09:59 +0000] [1370446] [INFO] Handling signal: term
[2026-06-12 10:09:59 +0100] [1370448] [INFO] Worker exiting (pid: 1370448)
[2026-06-12 10:09:59 +0100] [1370450] [INFO] Worker exiting (pid: 1370450)
[2026-06-12 10:09:59 +0100] [1370447] [INFO] Worker exiting (pid: 1370447)
Using production settings
initializing core app
initializing chat app
Using production settings
initializing core app
initializing chat app
Using production settings
initializing core app
initializing chat app
[2026-06-12 09:10:00 +0000] [1370446] [INFO] Shutting down: Master
[2026-06-12 09:10:29 +0000] [1377569] [INFO] Starting gunicorn 23.0.0
[2026-06-12 09:10:29 +0000] [1377569] [INFO] Listening at: http://127.0.0.1:8001 (1377569)
[2026-06-12 09:10:29 +0000] [1377569] [INFO] Using worker: sync
[2026-06-12 09:10:29 +0000] [1377570] [INFO] Booting worker with pid: 1377570
[2026-06-12 09:10:29 +0000] [1377571] [INFO] Booting worker with pid: 1377571
[2026-06-12 09:10:29 +0000] [1377572] [INFO] Booting worker with pid: 1377572
Internal Server Error: /patients/
Traceback (most recent call last):
  File "/usr/local/lib/python3.9/site-packages/django/core/handlers/exception.py", line 55, in inner
    response = get_response(request)
  File "/usr/local/lib/python3.9/site-packages/django/core/handlers/base.py", line 197, in _get_response
    response = wrapped_callback(request, *callback_args, **callback_kwargs)
  File "/usr/local/lib/python3.9/site-packages/django/views/generic/base.py", line 105, in view
    return self.dispatch(request, *args, **kwargs)
  File "/usr/local/lib/python3.9/site-packages/django/contrib/auth/mixins.py", line 109, in dispatch
    return super().dispatch(request, *args, **kwargs)
  File "/usr/local/lib/python3.9/site-packages/django/views/generic/base.py", line 144, in dispatch
    return handler(request, *args, **kwargs)
  File "/home/echo/echo/apps/core/views/patients.py", line 48, in get
    return render(request, self.template_name)
  File "/usr/local/lib/python3.9/site-packages/django/shortcuts.py", line 24, in render
    content = loader.render_to_string(template_name, context, request, using=using)
  File "/usr/local/lib/python3.9/site-packages/django/template/loader.py", line 61, in render_to_string
    template = get_template(template_name, using=using)
  File "/usr/local/lib/python3.9/site-packages/django/template/loader.py", line 19, in get_template
    raise TemplateDoesNotExist(template_name, chain=chain)
django.template.exceptions.TemplateDoesNotExist: core/patient_list_v2.html
Internal Server Error: /patients/
Traceback (most recent call last):
  File "/usr/local/lib/python3.9/site-packages/django/core/handlers/exception.py", line 55, in inner
    response = get_response(request)
  File "/usr/local/lib/python3.9/site-packages/django/core/handlers/base.py", line 197, in _get_response
    response = wrapped_callback(request, *callback_args, **callback_kwargs)
  File "/usr/local/lib/python3.9/site-packages/django/views/generic/base.py", line 105, in view
    return self.dispatch(request, *args, **kwargs)
  File "/usr/local/lib/python3.9/site-packages/django/contrib/auth/mixins.py", line 109, in dispatch
    return super().dispatch(request, *args, **kwargs)
  File "/usr/local/lib/python3.9/site-packages/django/views/generic/base.py", line 144, in dispatch
    return handler(request, *args, **kwargs)
  File "/home/echo/echo/apps/core/views/patients.py", line 48, in get
    return render(request, self.template_name)
  File "/usr/local/lib/python3.9/site-packages/django/shortcuts.py", line 24, in render
    content = loader.render_to_string(template_name, context, request, using=using)
  File "/usr/local/lib/python3.9/site-packages/django/template/loader.py", line 61, in render_to_string
    template = get_template(template_name, using=using)
  File "/usr/local/lib/python3.9/site-packages/django/template/loader.py", line 19, in get_template
    raise TemplateDoesNotExist(template_name, chain=chain)
django.template.exceptions.TemplateDoesNotExist: core/patient_list_v2.html
[2026-06-12 09:16:33 +0000] [1377569] [INFO] Handling signal: term
[2026-06-12 10:16:33 +0100] [1377570] [INFO] Worker exiting (pid: 1377570)
Using production settings
initializing core app
initializing chat app
[2026-06-12 10:16:33 +0100] [1377572] [INFO] Worker exiting (pid: 1377572)
Using production settings
initializing core app
initializing chat app
[2026-06-12 10:16:33 +0100] [1377571] [INFO] Worker exiting (pid: 1377571)
Using production settings
initializing core app
initializing chat app
[2026-06-12 09:16:33 +0000] [1377569] [ERROR] Worker (pid:1377570) was sent SIGTERM!
[2026-06-12 09:16:33 +0000] [1377569] [ERROR] Worker (pid:1377571) was sent SIGTERM!
[2026-06-12 09:16:33 +0000] [1377569] [ERROR] Worker (pid:1377572) was sent SIGTERM!
[2026-06-12 09:16:34 +0000] [1377569] [INFO] Shutting down: Master
[2026-06-12 09:17:03 +0000] [1379107] [INFO] Starting gunicorn 23.0.0
[2026-06-12 09:17:03 +0000] [1379107] [INFO] Listening at: http://127.0.0.1:8001 (1379107)
[2026-06-12 09:17:03 +0000] [1379107] [INFO] Using worker: sync
[2026-06-12 09:17:03 +0000] [1379108] [INFO] Booting worker with pid: 1379108
[2026-06-12 09:17:03 +0000] [1379109] [INFO] Booting worker with pid: 1379109
[2026-06-12 09:17:03 +0000] [1379110] [INFO] Booting worker with pid: 1379110
[2026-06-12 09:18:42 +0000] [1379107] [INFO] Handling signal: hup
[2026-06-12 09:18:42 +0000] [1379107] [INFO] Hang up: Master
[2026-06-12 10:18:42 +0100] [1379108] [INFO] Worker exiting (pid: 1379108)
Using production settings
initializing core app
initializing chat app
[2026-06-12 10:18:42 +0100] [1379109] [INFO] Worker exiting (pid: 1379109)
Using production settings
initializing core app
initializing chat app
[2026-06-12 10:18:42 +0100] [1379110] [INFO] Worker exiting (pid: 1379110)
Using production settings
initializing core app
initializing chat app
[2026-06-12 09:18:42 +0000] [1380372] [INFO] Booting worker with pid: 1380372
[2026-06-12 09:18:42 +0000] [1380373] [INFO] Booting worker with pid: 1380373
[2026-06-12 09:18:42 +0000] [1380374] [INFO] Booting worker with pid: 1380374
[2026-06-12 09:18:42 +0000] [1379107] [ERROR] Worker (pid:1379110) was sent SIGTERM!
[2026-06-12 09:18:42 +0000] [1379107] [ERROR] Worker (pid:1379108) was sent SIGTERM!
[2026-06-12 09:18:42 +0000] [1379107] [ERROR] Worker (pid:1379109) was sent SIGTERM!
Not Found: /worklists/image/
[2026-06-12 09:25:48 +0000] [1379107] [INFO] Handling signal: hup
[2026-06-12 09:25:48 +0000] [1379107] [INFO] Hang up: Master
[2026-06-12 09:25:48 +0000] [1381770] [INFO] Booting worker with pid: 1381770
[2026-06-12 09:25:48 +0000] [1381771] [INFO] Booting worker with pid: 1381771
[2026-06-12 09:25:48 +0000] [1381772] [INFO] Booting worker with pid: 1381772
[2026-06-12 10:25:48 +0100] [1380372] [INFO] Worker exiting (pid: 1380372)
[2026-06-12 10:25:48 +0100] [1380374] [INFO] Worker exiting (pid: 1380374)
[2026-06-12 10:25:48 +0100] [1380373] [INFO] Worker exiting (pid: 1380373)
Using production settings
initializing core app
initializing chat app
Requesting worklist item with study id 1.2.410.200001.1.13010.2688288675.1.20260612.1101424840.258.1
WorklistItem with UID 1.2.410.200001.1.13010.2688288675.1.20260612.1101424840.258.1 not found
Order col 0 identifiant_unique
Filter  nom_naissance 
Filter  nom 
Filter  prenom 
Filter  date_naissance 
Filter  adresse 
Filter  telephone 
Filter   
Filter  ancien_numero 
Filter   
Order col name date
Order col 0 identifiant_unique
Filter  nom_naissance 
Filter  nom 
Filter  prenom 
Filter  date_naissance 
Filter  adresse 
Filter  telephone 
Filter   
Filter  ancien_numero 
Filter   
Using production settings
initializing core app
initializing chat app
Order col name date
Order col 0 identifiant_unique
Filter  nom_naissance 
Filter  nom 
Filter  prenom 
Filter  date_naissance 
Filter  adresse 
Filter  telephone 
Filter   
Filter  ancien_numero 
Filter   
Using production settings
initializing core app
initializing chat app
Order col 0 identifiant_unique
Filter  nom_naissance 
Filter  nom 
Filter  prenom 
Filter  date_naissance 
Filter  adresse 
Filter  telephone 
Filter   
Filter  ancien_numero 
Filter   
[2026-06-12 09:25:49 +0000] [1379107] [ERROR] Worker (pid:1380374) was sent SIGTERM!
[2026-06-12 09:25:49 +0000] [1379107] [ERROR] Worker (pid:1380373) was sent SIGTERM!
[2026-06-12 09:25:49 +0000] [1379107] [ERROR] Worker (pid:1380372) was sent SIGTERM!
_get_measurements (manual) failed for consultation 53: Consultation has no mesures.
Not Found: /static/media/logos/logo-cabinetpro.png
Not Found: /worklists/image/
Not Found: /nonexistentpage
Not Found: /static/media/logos/favicon.ico
Not Found: /static/js/custom/accueil.js
Not Found: /robots.txt
Not Found: /worklists/image/
Not Found: /worklists/image/
Not Found: /.env
Not Found: /worklists/image/
Not Found: /worklists/image/
Not Found: /worklists/image/
Not Found: /worklists/image/
Not Found: /worklists/image/
Not Found: /worklists/image/
Not Found: /worklists/image/
Not Found: /worklists/image/
Not Found: /worklists/image/
Not Found: /worklists/image/
Not Found: /worklists/image/
Not Found: /worklists/image/
Not Found: //wp-includes/ID3/license.txt
Not Found: //feed/
Not Found: //xmlrpc.php
Not Found: //blog/wp-includes/wlwmanifest.xml
Not Found: //web/wp-includes/wlwmanifest.xml
Not Found: //wordpress/wp-includes/wlwmanifest.xml
Not Found: //wp/wp-includes/wlwmanifest.xml
Not Found: //2020/wp-includes/wlwmanifest.xml
Not Found: //2019/wp-includes/wlwmanifest.xml
Not Found: //2021/wp-includes/wlwmanifest.xml
Not Found: //shop/wp-includes/wlwmanifest.xml
Not Found: //wp1/wp-includes/wlwmanifest.xml
Not Found: //test/wp-includes/wlwmanifest.xml
Not Found: //site/wp-includes/wlwmanifest.xml
Not Found: //cms/wp-includes/wlwmanifest.xml
Not Found: /worklists/image/
Not Found: /worklists/image/
Not Found: /worklists/image/
[2026-06-12 11:31:25 +0100] [1381770] [INFO] Worker exiting (pid: 1381770)
[2026-06-12 11:31:25 +0100] [1381772] [INFO] Worker exiting (pid: 1381772)
Using production settings
initializing core app
initializing chat app
Order col name date
Order col 0 identifiant_unique
Filter  nom_naissance 
Filter  nom 
Filter  prenom 
Filter  date_naissance 
Filter  adresse 
Filter  telephone 
Filter   
Filter  ancien_numero 
Filter   
Requesting worklist item with study id 1.2.410.200001.1.13010.2688288675.1.20260612.1102822563.125.1
WorklistItem with UID 1.2.410.200001.1.13010.2688288675.1.20260612.1102822563.125.1 not found
Requesting worklist item with study id 1.2.410.200001.1.13010.2688288675.1.20260612.1105706215.205.1
WorklistItem with UID 1.2.410.200001.1.13010.2688288675.1.20260612.1105706215.205.1 not found
Requesting worklist item with study id 1.2.410.200001.1.13010.2688288675.1.20260612.1105706215.205.1
WorklistItem with UID 1.2.410.200001.1.13010.2688288675.1.20260612.1105706215.205.1 not found
Requesting worklist item with study id 1.2.410.200001.1.13010.2688288675.1.20260612.1105706215.205.1
WorklistItem with UID 1.2.410.200001.1.13010.2688288675.1.20260612.1105706215.205.1 not found
Requesting worklist item with study id 1.2.410.200001.1.13010.2688288675.1.20260612.1105706215.205.1
WorklistItem with UID 1.2.410.200001.1.13010.2688288675.1.20260612.1105706215.205.1 not found
Order col 0 identifiant_unique
Filter  nom_naissance 
Filter  nom 
Filter  prenom 
Filter  date_naissance 
Filter  adresse 
Filter  telephone 
Filter   
Filter  ancien_numero 
Filter   
Requesting worklist item with study id 1.2.410.200001.1.13010.2688288675.1.20260612.1112110306.640.1
WorklistItem with UID 1.2.410.200001.1.13010.2688288675.1.20260612.1112110306.640.1 not found
Using production settings
initializing core app
initializing chat app
Order col 0 identifiant_unique
Filter  nom_naissance 
Filter  nom 
Filter  prenom 
Filter  date_naissance 
Filter  adresse 
Filter  telephone 
Filter   
Filter  ancien_numero 
Filter   
Order col 0 identifiant_unique
Filter  nom_naissance 
Filter  nom 
Filter  prenom 
Filter  date_naissance 
Filter  adresse 
Filter  telephone 
Filter   
Filter  ancien_numero 
Filter   
Order col name date
Order col name date
Order col name date
Order col 0 identifiant_unique
Filter  nom_naissance 
Filter  nom 
Filter  prenom 
Filter  date_naissance 
Filter  adresse 
Filter  telephone 
Filter   
Filter  ancien_numero 
Filter   
Requesting worklist item with study id 1.2.410.200001.1.13010.2688288675.1.20260612.1104646909.542.1
WorklistItem with UID 1.2.410.200001.1.13010.2688288675.1.20260612.1104646909.542.1 not found
Requesting worklist item with study id 1.2.410.200001.1.13010.2688288675.1.20260612.1105706215.205.1
WorklistItem with UID 1.2.410.200001.1.13010.2688288675.1.20260612.1105706215.205.1 not found
Requesting worklist item with study id 1.2.410.200001.1.13010.2688288675.1.20260612.1105706215.205.1
WorklistItem with UID 1.2.410.200001.1.13010.2688288675.1.20260612.1105706215.205.1 not found
Requesting worklist item with study id 1.2.410.200001.1.13010.2688288675.1.20260612.1105706215.205.1
WorklistItem with UID 1.2.410.200001.1.13010.2688288675.1.20260612.1105706215.205.1 not found
Requesting worklist item with study id 1.2.410.200001.1.13010.2688288675.1.20260612.1105706215.205.1
WorklistItem with UID 1.2.410.200001.1.13010.2688288675.1.20260612.1105706215.205.1 not found
Order col 0 identifiant_unique
Filter  nom_naissance 
Filter  nom 
Filter  prenom 
Filter  date_naissance 
Filter  adresse 
Filter  telephone 
Filter   
Filter  ancien_numero 
Filter   
Order col 0 identifiant_unique
Filter  nom_naissance 
Filter  nom 
Filter  prenom 
Filter  date_naissance 
Filter  adresse 
Filter  telephone 
Filter   
Filter  ancien_numero 
Filter   
Order col 0 identifiant_unique
Filter  nom_naissance 
Filter  nom 
Filter  prenom 
Filter  date_naissance 
Filter  adresse 
Filter  telephone 
Filter   
Filter  ancien_numero 
Filter   
Order col name date
Requesting worklist item with study id 1.2.410.200001.1.13010.2688288675.1.20260612.1112110306.640.1
WorklistItem with UID 1.2.410.200001.1.13010.2688288675.1.20260612.1112110306.640.1 not found
Requesting worklist item with study id 1.2.410.200001.1.13010.2688288675.1.20260612.1112110306.640.1
WorklistItem with UID 1.2.410.200001.1.13010.2688288675.1.20260612.1112110306.640.1 not found
[2026-06-12 10:31:25 +0000] [1379107] [INFO] Handling signal: term
[2026-06-12 11:31:25 +0100] [1381771] [INFO] Worker exiting (pid: 1381771)
[2026-06-12 10:31:25 +0000] [1379107] [ERROR] Worker (pid:1381770) was sent SIGTERM!
[2026-06-12 10:31:25 +0000] [1379107] [ERROR] Worker (pid:1381772) was sent SIGTERM!
Using production settings
initializing core app
initializing chat app
Order col name date
Order col name date
Order col name date
Order col name date
Requesting worklist item with study id 1.2.410.200001.1.13010.2688288675.1.20260612.1104646909.542.1
WorklistItem with UID 1.2.410.200001.1.13010.2688288675.1.20260612.1104646909.542.1 not found
Order col 0 identifiant_unique
Filter  nom_naissance 
Filter  nom 
Filter  prenom 
Filter  date_naissance 
Filter  adresse 
Filter  telephone 
Filter   
Filter  ancien_numero 
Filter   
Order col 0 identifiant_unique
Filter  nom_naissance 
Filter  nom 
Filter  prenom 
Filter  date_naissance 
Filter  adresse 
Filter  telephone 
Filter   
Filter  ancien_numero 
Filter   
Requesting worklist item with study id 1.2.410.200001.1.13010.2688288675.1.20260612.1105706215.205.1
WorklistItem with UID 1.2.410.200001.1.13010.2688288675.1.20260612.1105706215.205.1 not found
Requesting worklist item with study id 1.2.410.200001.1.13010.2688288675.1.20260612.1105706215.205.1
WorklistItem with UID 1.2.410.200001.1.13010.2688288675.1.20260612.1105706215.205.1 not found
Requesting worklist item with study id 1.2.410.200001.1.13010.2688288675.1.20260612.1105706215.205.1
WorklistItem with UID 1.2.410.200001.1.13010.2688288675.1.20260612.1105706215.205.1 not found
Requesting worklist item with study id 1.2.410.200001.1.13010.2688288675.1.20260612.1105706215.205.1
WorklistItem with UID 1.2.410.200001.1.13010.2688288675.1.20260612.1105706215.205.1 not found
Order col 0 identifiant_unique
Filter  nom_naissance 
Filter  nom 
Filter  prenom 
Filter  date_naissance 
Filter  adresse 
Filter  telephone 
Filter   
Filter  ancien_numero 
Filter   
Order col 0 identifiant_unique
Filter  nom_naissance 
Filter  nom 
Filter  prenom 
Filter  date_naissance 
Filter  adresse 
Filter  telephone 
Filter   
Filter  ancien_numero 
Filter   
Order col name date
[2026-06-12 10:31:26 +0000] [1379107] [INFO] Shutting down: Master
